time_s,satellite,target_id,true_az_rad,true_el_rad,meas_az_rad,meas_el_rad,kf_az_rad,kf_el_rad,kf_az_rate_rad_s,kf_el_rate_rad_s,kf_az_acc_rad_s2,kf_el_acc_rad_s2,innov_az_rad,innov_el_rad,kf_var_az,kf_var_el
0.0,GEO-1,1,2.3604027048755083,0.2725247913131368,2.3606839155453057,0.27197096847671276,2.3606839155453057,0.27197096847671276,0.0,0.0,0.0,0.0,0.0,0.0,1.6e-05,1.6e-05
0.0,GEO-2,1,3.100264153876662,-0.5442193459531243,3.101241721327788,-0.5445299024997835,3.101241721327788,-0.5445299024997835,0.0,0.0,0.0,0.0,0.0,0.0,1.6e-05,1.6e-05
0.0,GEO-3,1,2.9440494321698267,-0.17028446245965503,2.943720608265769,-0.17107660921501391,2.943720608265769,-0.17107660921501391,0.0,0.0,0.0,0.0,0.0,0.0,1.6e-05,1.6e-05
0.0,GEO-1,2,2.3937317246974965,0.28443825225425196,2.394186682768737,0.2843390542025345,2.394186682768737,0.2843390542025345,0.0,0.0,0.0,0.0,0.0,0.0,1.6e-05,1.6e-05
0.0,GEO-2,2,3.126717804947783,-0.5245107003518215,3.1272630936617474,-0.5251178860516921,3.1272630936617474,-0.5251178860516921,0.0,0.0,0.0,0.0,0.0,0.0,1.6e-05,1.6e-05
0.0,GEO-3,2,2.9708467518958583,-0.15603089474350373,2.97097357974297,-0.15692316878693352,2.97097357974297,-0.15692316878693352,0.0,0.0,0.0,0.0,0.0,0.0,1.6e-05,1.6e-05
10.0,GEO-1,1,2.358234774881925,0.27404973970928487,2.359076239854295,0.2742377747962656,2.359076239854295,0.2742377747962656,-0.00016076756910106128,0.00022668063195528388,0.0,0.0,0.0,0.0,2.499823508646688e-07,2.499823508646688e-07
10.0,GEO-2,1,3.098958023938625,-0.5439363115484079,3.09928859494676,-0.5435258076354377,3.09928859494676,-0.5435258076354377,-0.00019531263810281806,0.0001004094864345828,0.0,0.0,0.0,0.0,2.499823508646688e-07,2.499823508646688e-07
10.0,GEO-3,1,2.9426110614423036,-0.16916409189068943,2.9416003039421503,-0.16838091089454538,2.9416003039421503,-0.16838091089454538,-0.0002120304323618871,0.0002695698320468537,0.0,0.0,0.0,0.0,2.499823508646688e-07,2.499823508646688e-07
10.0,GEO-1,2,2.390336940290827,0.2856896607931156,2.3923936431091697,0.28405121828988006,2.3923936431091697,0.28405121828988006,-0.00017930396595673416,-2.8783591265446606e-05,0.0,0.0,0.0,0.0,2.499823508646688e-07,2.499823508646688e-07
10.0,GEO-2,2,3.124807181210388,-0.5250404740583607,3.1230777697432335,-0.5265453054722251,3.1230777697432335,-0.5265453054722251,-0.00041853239185138944,-0.00014274194205330382,0.0,0.0,0.0,0.0,2.499823508646688e-07,2.499823508646688e-07
10.0,GEO-3,2,2.968697048513745,-0.15544494509194143,2.9695385074071994,-0.15531622943446735,2.9695385074071994,-0.15531622943446735,-0.00014350723357705596,0.00016069393524661691,0.0,0.0,0.0,0.0,2.499823508646688e-07,2.499823508646688e-07
20.0,GEO-1,1,2.3560530037898717,0.2755715430979113,2.357131346230611,0.2762939739702188,2.357131346230611,0.2762939739702188,-0.00019448936236838855,0.00020561991739532215,0.0,0.0,0.0,0.0,2.499711942507269e-07,2.499711942507269e-07
20.0,GEO-2,1,3.0975988761140307,-0.5436261423568366,3.097809447926406,-0.5433421042115861,3.097809447926406,-0.5433421042115861,-0.0001479147020353899,1.8370342385154447e-05,0.0,0.0,0.0,0.0,2.499711942507269e-07,2.499711942507269e-07
20.0,GEO-3,1,2.941130414135572,-0.16802133053473534,2.9409606536378488,-0.16715287032352383,2.9409606536378488,-0.16715287032352383,-6.396503043015755e-05,0.0001228040571021549,0.0,0.0,0.0,0.0,2.499711942507269e-07,2.499711942507269e-07
20.0,GEO-1,2,2.386904071236564,0.2869234264224209,2.385774355274783,0.2865015675962426,2.385774355274783,0.2865015675962426,-0.00066192878343867,0.00024503493063625647,0.0,0.0,0.0,0.0,2.499711942507269e-07,2.499711942507269e-07
20.0,GEO-2,2,3.1228005754877373,-0.5255462399220865,3.1230435143408357,-0.5237448190636371,3.1230435143408357,-0.5237448190636371,-3.425540239776481e-06,0.0002800486408587988,0.0,0.0,0.0,0.0,2.499711942507269e-07,2.499711942507269e-07
20.0,GEO-3,2,2.9664675977350665,-0.15484010914486934,2.9657031336193462,-0.15591916960400626,2.9657031336193462,-0.15591916960400626,-0.0003835373787853147,-6.029401695389069e-05,0.0,0.0,0.0,0.0,2.499711942507269e-07,2.499711942507269e-07
30.0,GEO-1,1,2.353859067306059,0.2770893417473755,2.353295780107555,0.27805861394851367,2.353295780107555,0.27805861394851367,-0.00038355661230560223,0.00017646399782948464,0.0,0.0,0.0,0.0,2.4994405081552285e-07,2.4994405081552285e-07
30.0,GEO-2,1,3.0961873363656136,-0.5432884572942646,3.095952330858722,-0.5419641102750276,3.095952330858722,-0.5419641102750276,-0.00018571170676842108,0.00013779939365585748,0.0,0.0,0.0,0.0,2.4994405081552285e-07,2.4994405081552285e-07
30.0,GEO-3,1,2.93960833945829,-0.16685648046756882,2.937735809940684,-0.16572795732566833,2.937735809940684,-0.16572795732566833,-0.0003224843697164914,0.00014249129978554932,0.0,0.0,0.0,0.0,2.4994405081552285e-07,2.4994405081552285e-07
30.0,GEO-1,2,2.383436452406436,0.2881385220383863,2.3844713186463653,0.28671985634858477,2.3844713186463653,0.28671985634858477,-0.00013030366284176863,2.1828875234214397e-05,0.0,0.0,0.0,0.0,2.4994405081552285e-07,2.4994405081552285e-07
30.0,GEO-2,2,3.120698628900913,-0.5260267038680853,3.1208522107874495,-0.5248109462328907,3.1208522107874495,-0.5248109462328907,-0.0002191303553386259,-0.00010661271692535834,0.0,0.0,0.0,0.0,2.4994405081552285e-07,2.4994405081552285e-07
30.0,GEO-3,2,2.964159633760019,-0.15421626036207203,2.9642475528023287,-0.15321655893992026,2.9642475528023287,-0.15321655893992026,-0.00014555808170175767,0.00027026106640860024,0.0,0.0,0.0,0.0,2.4994405081552285e-07,2.4994405081552285e-07
40.0,GEO-1,1,2.3516546607503113,0.2786022863574385,2.354029547663629,0.2788762186120309,2.354029547663629,0.2788762186120309,7.337675560736834e-05,8.17604663517213e-05,0.0,0.0,0.0,0.0,2.499313185684554e-07,2.499313185684554e-07
40.0,GEO-2,1,3.0947240872950297,-0.5429228872319132,3.0944437049810865,-0.5436939393917326,3.0944437049810865,-0.5436939393917326,-0.0001508625877635339,-0.00017298291167050506,0.0,0.0,0.0,0.0,2.499313185684554e-07,2.499313185684554e-07
40.0,GEO-3,1,2.9380457342208723,-0.1656698628962128,2.938693798822417,-0.16586659296257053,2.938693798822417,-0.16586659296257053,9.579888817330406e-05,-1.3863563690219572e-05,0.0,0.0,0.0,0.0,2.499313185684554e-07,2.499313185684554e-07
40.0,GEO-1,2,2.379937493656671,0.28933395378811283,2.3797587472858774,0.2892286940096978,2.3797587472858774,0.2892286940096978,-0.00047125713604878605,0.00025088376611130393,0.0,0.0,0.0,0.0,2.499313185684554e-07,2.499313185684554e-07
40.0,GEO-2,2,3.1185021160012916,-0.526480568324136,3.119151985653877,-0.5275469079363009,3.119151985653877,-0.5275469079363009,-0.0001700225133572264,-0.00027359617034101725,0.0,0.0,0.0,0.0,2.499313185684554e-07,2.499313185684554e-07
40.0,GEO-3,2,2.9617745116994163,-0.15357329047679208,2.9602446352087455,-0.15600716717394103,2.9602446352087455,-0.15600716717394103,-0.00040029175935831776,-0.0002790608234020775,0.0,0.0,0.0,0.0,2.499313185684554e-07,2.499313185684554e-07
50.0,GEO-1,1,2.3494414966750834,0.28010953918432435,2.3506401675744732,0.2801833325439076,2.3506401675744732,0.2801833325439076,-0.00033893800891555693,0.00013071139318767132,0.0,0.0,0.0,0.0,2.49924885408715e-07,2.49924885408715e-07
50.0,GEO-2,1,3.0932098683643816,-0.5425290761567407,3.0947199877775042,-0.5425380324548512,3.0947199877775042,-0.5425380324548512,2.7628279641778165e-05,0.00011559069368813902,0.0,0.0,0.0,0.0,2.49924885408715e-07,2.49924885408715e-07
50.0,GEO-3,1,2.936443542405802,-0.16446181843802937,2.9357013869506035,-0.16398388913922973,2.9357013869506035,-0.16398388913922973,-0.00029924118718134275,0.00018827038233407977,0.0,0.0,0.0,0.0,2.49924885408715e-07,2.49924885408715e-07
50.0,GEO-1,2,2.376410673164048,0.29050876363869105,2.376334084751111,0.2892545769767174,2.376334084751111,0.2892545769767174,-0.0003424662534766476,2.588296701960813e-06,0.0,0.0,0.0,0.0,2.49924885408715e-07,2.49924885408715e-07
50.0,GEO-2,2,3.116211947552077,-0.5269065351401574,3.1153268809706263,-0.5251397558226729,3.1153268809706263,-0.5251397558226729,-0.0003825104683250924,0.0002407152113627964,0.0,0.0,0.0,0.0,2.49924885408715e-07,2.49924885408715e-07
50.0,GEO-3,2,2.9593137081473975,-0.15291111070168759,2.9596680587427207,-0.1524947241666574,2.9596680587427207,-0.1524947241666574,-5.7657646602482515e-05,0.0003512443007283622,0.0,0.0,0.0,0.0,2.49924885408715e-07,2.49924885408715e-07
60.0,GEO-1,1,2.347221302435818,0.2816102751395018,2.3469447507174968,0.28092055557573575,2.3469447507174968,0.28092055557573575,-0.0003695416856976497,7.372230318281603e-05,0.0,0.0,0.0,0.0,2.499211668754007e-07,2.499211668754007e-07
60.0,GEO-2,1,3.091645476017579,-0.542106682346676,3.09253713183315,-0.5422113087993496,3.09253713183315,-0.5422113087993496,-0.00021828559443544117,3.267236555015707e-05,0.0,0.0,0.0,0.0,2.499211668754007e-07,2.499211668754007e-07
60.0,GEO-3,1,2.9348027546417477,-0.16323270736279127,2.93404364653,-0.16336683588214085,2.93404364653,-0.16336683588214085,-0.0001657740420603293,6.170532570888843e-05,0.0,0.0,0.0,0.0,2.499211668754007e-07,2.499211668754007e-07
60.0,GEO-1,2,2.3728595304509925,0.29166203183815914,2.37195392443427,0.2918520776767502,2.37195392443427,0.2918520776767502,-0.00043801603168409643,0.00025975007000327845,0.0,0.0,0.0,0.0,2.499211668754007e-07,2.499211668754007e-07
60.0,GEO-2,2,3.1138291730433396,-0.527303308658319,3.114958400673409,-0.5281393938244623,3.114958400673409,-0.5281393938244623,-3.6848029721747724e-05,-0.0002999638001789373,0.0,0.0,0.0,0.0,2.499211668754007e-07,2.499211668754007e-07
60.0,GEO-3,2,2.9567788214329846,-0.1522296529161652,2.958207365438155,-0.15289727286482663,2.958207365438155,-0.15289727286482663,-0.00014606933045655524,-4.0254869816921944e-05,0.0,0.0,0.0,0.0,2.499211668754007e-07,2.499211668754007e-07
70.0,GEO-1,1,2.344995817719021,0.28310368285814486,2.3451492298817445,0.2822672963328407,2.3451492298817445,0.2822672963328407,-0.00017955208357522956,0.00013467407571049472,0.0,0.0,0.0,0.0,2.4991884516076246e-07,2.4991884516076246e-07
70.0,GEO-2,1,3.090031763697099,-0.5416553795576255,3.0898095285307443,-0.5416079751451315,3.0898095285307443,-0.5416079751451315,-0.00027276033024055125,6.0333365421816334e-05,0.0,0.0,0.0,0.0,2.4991884516076246e-07,2.4991884516076246e-07
70.0,GEO-3,1,2.9331244075798444,-0.16198290979560642,2.9326897226336706,-0.1626857976911789,2.9326897226336706,-0.1626857976911789,-0.00013539238963296009,6.810381909619356e-05,0.0,0.0,0.0,0.0,2.4991884516076246e-07,2.4991884516076246e-07
70.0,GEO-1,2,2.3692876591282936,0.2927928792526852,2.36860977293763,0.2919717193034344,2.36860977293763,0.2919717193034344,-0.00033441514966399134,1.196416266842082e-05,0.0,0.0,0.0,0.0,2.4991884516076246e-07,2.4991884516076246e-07
70.0,GEO-2,2,3.111354982912973,-0.5276695989278501,3.109784902920049,-0.5279325685389276,3.109784902920049,-0.5279325685389276,-0.0005173497753359957,2.0682528553472856e-05,0.0,0.0,0.0,0.0,2.4991884516076246e-07,2.4991884516076246e-07
70.0,GEO-3,2,2.9541715715339,-0.15152887082808672,2.95457272974351,-0.150620468902994,2.95457272974351,-0.150620468902994,-0.0003634635694645283,0.0002276803961832635,0.0,0.0,0.0,0.0,2.4991884516076246e-07,2.4991884516076246e-07
80.0,GEO-1,1,2.342766792035174,0.28458896573336684,2.3434138947637204,0.2870463022557093,2.3434138947637204,0.2870463022557093,-0.00017353351180240394,0.00047790059228686177,0.0,0.0,0.0,0.0,2.4991732492669977e-07,2.4991732492669977e-07
80.0,GEO-2,1,3.0883696417519473,-0.5411748582189502,3.0886883233870255,-0.5416311921128822,3.0886883233870255,-0.5416311921128822,-0.00011212051437188286,-2.3216967750760987e-06,0.0,0.0,0.0,0.0,2.4991732492669977e-07,2.4991732492669977e-07
80.0,GEO-3,1,2.9314095831708546,-0.16071282587865784,2.933281217807871,-0.16176004397225194,2.933281217807871,-0.16176004397225194,5.914951742003183e-05,9.257537189269749e-05,0.0,0.0,0.0,0.0,2.4991732492669977e-07,2.4991732492669977e-07
80.0,GEO-1,2,2.3656986993864577,0.29390046956508464,2.3666671769959797,0.29294532479535995,2.3666671769959797,0.29294532479535995,-0.00019425959416503603,9.736054919255443e-05,0.0,0.0,0.0,0.0,2.4991732492669977e-07,2.4991732492669977e-07
80.0,GEO-2,2,3.1087907104460917,-0.5280041250571683,3.109144822103693,-0.5299725218094062,3.109144822103693,-0.5299725218094062,-6.400808163560256e-05,-0.00020399532704786782,0.0,0.0,0.0,0.0,2.4991732492669977e-07,2.4991732492669977e-07
80.0,GEO-3,2,2.9514937996372526,-0.15080874110260342,2.9523930733449033,-0.15096698871787498,2.9523930733449033,-0.15096698871787498,-0.0002179656398606511,-3.465198148809856e-05,0.0,0.0,0.0,0.0,2.4991732492669977e-07,2.4991732492669977e-07
90.0,GEO-1,1,2.3405359821837957,0.28606534291248803,2.339568300712071,0.28774376195125023,2.339568300712071,0.28774376195125023,-0.0003845594051649304,6.974596955409141e-05,0.0,0.0,0.0,0.0,2.4991629825373165e-07,2.4991629825373165e-07
90.0,GEO-2,1,3.0866600772328856,-0.5406648266339011,3.087425431916652,-0.5406190187981217,3.087425431916652,-0.5406190187981217,-0.00012628914703736172,0.0001012173314760556,0.0,0.0,0.0,0.0,2.4991629825373165e-07,2.4991629825373165e-07
90.0,GEO-3,1,2.9296594078422538,-0.15942287588983414,2.928913964453464,-0.1594662384799959,2.928913964453464,-0.1594662384799959,-0.0004367253354407019,0.00022938054922560513,0.0,0.0,0.0,0.0,2.4991629825373165e-07,2.4991629825373165e-07
90.0,GEO-1,2,2.362096330268908,0.2949840113206811,2.361932401505953,0.29570878781422216,2.361932401505953,0.29570878781422216,-0.0004734775490026877,0.0002763463018862211,0.0,0.0,0.0,0.0,2.4991629825373165e-07,2.4991629825373165e-07
90.0,GEO-2,2,3.1061378333256533,-0.5283056186944772,3.106935908506813,-0.52897337507424,3.106935908506813,-0.52897337507424,-0.00022089135968799133,9.99146735166212e-05,0.0,0.0,0.0,0.0,2.4991629825373165e-07,2.4991629825373165e-07
90.0,GEO-3,2,2.9487474673330984,-0.1500692644506769,2.948198096772342,-0.1506013297784555,2.948198096772342,-0.1506013297784555,-0.00041949765725615153,3.6565893941947755e-05,0.0,0.0,0.0,0.0,2.4991629825373165e-07,2.4991629825373165e-07
100.0,GEO-1,1,2.3383051496981193,0.2875320502517763,2.3369558324518613,0.2869404753688851,2.3369558324518613,0.2869404753688851,-0.0002612468260209777,-8.032865823651147e-05,0.0,0.0,0.0,0.0,2.499155903548488e-07,2.499155903548488e-07
100.0,GEO-2,1,3.0849040935713137,-0.5401250121812964,3.0848116855061076,-0.5394340602366907,3.0848116855061076,-0.5394340602366907,-0.00026137464105442377,0.0001184958561430971,0.0,0.0,0.0,0.0,2.499155903548488e-07,2.499155903548488e-07
100.0,GEO-3,1,2.9278750515746688,-0.15811350031644608,2.9291954310640356,-0.15892184619400543,2.9291954310640356,-0.15892184619400543,2.814666105717123e-05,5.443922859904582e-05,0.0,0.0,0.0,0.0,2.499155903548488e-07,2.499155903548488e-07
100.0,GEO-1,2,2.358484261762172,0.2960427598075666,2.359035238294054,0.295598302981861,2.359035238294054,0.295598302981861,-0.0002897163211899034,-1.1048483236114626e-05,0.0,0.0,0.0,0.0,2.499155903548488e-07,2.499155903548488e-07
100.0,GEO-2,2,3.103397974807683,-0.5285728276264895,3.105473162583998,-0.5286215511711151,3.105473162583998,-0.5286215511711151,-0.0001462745922814701,3.518239031249371e-05,0.0,0.0,0.0,0.0,2.499155903548488e-07,2.499155903548488e-07
100.0,GEO-3,2,2.9459346554284687,-0.14931046666970857,2.946436782398877,-0.15024662882284642,2.946436782398877,-0.15024662882284642,-0.00017613143734647175,3.547009556090774e-05,0.0,0.0,0.0,0.0,2.499155903548488e-07,2.499155903548488e-07
110.0,GEO-1,1,2.3360760582769884,0.2889883412263172,2.335265368812689,0.2891900365271879,2.335265368812689,0.2891900365271879,-0.0001690463639172357,0.00022495611583027707,0.0,0.0,0.0,0.0,2.4991509523785294e-07,2.4991509523785294e-07
110.0,GEO-2,1,3.0831027701385243,-0.5395551625145314,3.0827187156880282,-0.5392018739219608,3.0827187156880282,-0.5392018739219608,-0.0002092969818079382,2.321863147298764e-05,0.0,0.0,0.0,0.0,2.4991509523785294e-07,2.4991509523785294e-07
110.0,GEO-3,1,2.9260577268774877,-0.15678515988237066,2.9244959027582023,-0.1561231549122217,2.9244959027582023,-0.1561231549122217,-0.00046995283058333116,0.00027986912817837273,0.0,0.0,0.0,0.0,2.4991509523785294e-07,2.4991509523785294e-07
110.0,GEO-1,2,2.354866226739837,0.29707601875951084,2.3539667463820573,0.29879844215587714,2.3539667463820573,0.29879844215587714,-0.0005068491911996542,0.00032001391740161254,0.0,0.0,0.0,0.0,2.4991509523785294e-07,2.4991509523785294e-07
110.0,GEO-2,2,3.1005729044953174,-0.528804519483427,3.10028443725325,-0.5277072544465411,3.10028443725325,-0.5277072544465411,-0.0005188725330748323,9.14296724573993e-05,0.0,0.0,0.0,0.0,2.4991509523785294e-07,2.4991509523785294e-07
110.0,GEO-3,2,2.9430575623712603,-0.14853239962862946,2.9416625790483977,-0.14810345338411457,2.9416625790483977,-0.14810345338411457,-0.00047742033504794,0.00021431754387318537,0.0,0.0,0.0,0.0,2.4991509523785294e-07,2.4991509523785294e-07
120.0,GEO-1,1,2.33385047121162,0.290433487791893,2.3329624415608254,0.2899465987232071,2.3329624415608254,0.2899465987232071,-0.00023029272518635402,7.56562196019217e-05,0.0,0.0,0.0,0.0,2.499147454781329e-07,2.499147454781329e-07
120.0,GEO-2,1,3.0812572416824406,-0.5389550467538406,3.081281838064632,-0.5392721217207752,3.081281838064632,-0.5392721217207752,-0.00014368776233961711,-7.024779881437127e-06,0.0,0.0,0.0,0.0,2.499147454781329e-07,2.499147454781329e-07
120.0,GEO-3,1,2.9242086876638407,-0.1554383355271181,2.924472943288987,-0.15469068009831188,2.924472943288987,-0.15469068009831188,-2.2959469215155794e-06,0.00014324748139098176,0.0,0.0,0.0,0.0,2.499147454781329e-07,2.499147454781329e-07
120.0,GEO-1,2,2.351245972798365,0.29808314187108814,2.351898754937455,0.29799566038819464,2.351898754937455,0.29799566038819464,-0.0002067991444602235,-8.027817676825033e-05,0.0,0.0,0.0,0.0,2.499147454781329e-07,2.499147454781329e-07
120.0,GEO-2,2,3.097664538687018,-0.5289994855369256,3.0963011081770335,-0.5298041316434343,3.0963011081770335,-0.5298041316434343,-0.00039833290762163464,-0.0002096877196893221,0.0,0.0,0.0,0.0,2.499147454781329e-07,2.499147454781329e-07
120.0,GEO-3,2,2.9401185022753693,-0.14773514218980097,2.9399227460668915,-0.14985696816240293,2.9399227460668915,-0.14985696816240293,-0.0001739832981506151,-0.0001753514778288362,0.0,0.0,0.0,0.0,2.499147454781329e-07,2.499147454781329e-07
130.0,GEO-1,1,2.3316301488149342,0.2918667811960046,2.332382229404155,0.29162714300367565,2.332382229404155,0.29162714300367565,-5.802121566702567e-05,0.00016805442804685434,0.0,0.0,0.0,0.0,2.499144966595113e-07,2.499144966595113e-07
130.0,GEO-2,1,3.079368697639356,-0.5383244566675631,3.0791173783407495,-0.5373760804569261,3.0791173783407495,-0.5373760804569261,-0.00021644597238825724,0.00018960412638491242,0.0,0.0,0.0,0.0,2.499144966595113e-07,2.499144966595113e-07
130.0,GEO-3,1,2.922329228025593,-0.1540735283354946,2.922997138531842,-0.1538525273691721,2.922997138531842,-0.1538525273691721,-0.00014758047571450383,8.38152729139785e-05,0.0,0.0,0.0,0.0,2.499144966595113e-07,2.499144966595113e-07
130.0,GEO-1,2,2.347627254023857,0.2990635341160236,2.3466259204366233,0.29937395569230996,2.3466259204366233,0.29937395569230996,-0.0005272834500831714,0.0001378295304115318,0.0,0.0,0.0,0.0,2.499144966595113e-07,2.499144966595113e-07
130.0,GEO-2,2,3.094674940275757,-0.5291565445759997,3.095021117814314,-0.530041317909767,3.095021117814314,-0.530041317909767,-0.00012799903627196406,-2.37186266332734e-05,0.0,0.0,0.0,0.0,2.499144966595113e-07,2.499144966595113e-07
130.0,GEO-3,2,2.937119902540591,-0.1469188010601465,2.9381632143857863,-0.14641091387793992,2.9381632143857863,-0.14641091387793992,-0.00017595316811052085,0.0003446054284463013,0.0,0.0,0.0,0.0,2.499144966595113e-07,2.499144966595113e-07
140.0,GEO-1,1,2.329416845861133,0.2932875327354337,2.3274472214946162,0.29340948218510393,2.3274472214946162,0.29340948218510393,-0.0004935007909538935,0.00017823391814282829,0.0,0.0,0.0,0.0,2.4991431876431635e-07,2.4991431876431635e-07
140.0,GEO-2,1,3.0774383813186352,-0.5376632078380188,3.0761736833246616,-0.536526892689762,3.0761736833246616,-0.536526892689762,-0.0002943695016087933,8.49187767164139e-05,0.0,0.0,0.0,0.0,2.4991431876431635e-07,2.4991431876431635e-07
140.0,GEO-3,1,2.9204206809094027,-0.15269125941671852,2.9212277088669456,-0.15379485016678185,2.9212277088669456,-0.15379485016678185,-0.00017694296648964602,5.767720239024943e-06,0.0,0.0,0.0,0.0,2.4991431876431635e-07,2.4991431876431635e-07
140.0,GEO-1,2,2.3440138227294596,0.3000166528612845,2.343128950029812,0.3001185061460285,2.343128950029812,0.3001185061460285,-0.0003496970406811517,7.445504537185177e-05,0.0,0.0,0.0,0.0,2.4991431876431635e-07,2.4991431876431635e-07
140.0,GEO-2,2,3.0916063181777114,-0.5292745468447554,3.0913675073595526,-0.527749343764582,3.0913675073595526,-0.527749343764582,-0.00036536104547613135,0.00022919741451850052,0.0,0.0,0.0,0.0,2.4991431876431635e-07,2.4991431876431635e-07
140.0,GEO-3,2,2.934064301063156,-0.14608351156409075,2.9348052748803353,-0.14636593881136242,2.9348052748803353,-0.14636593881136242,-0.0003357939505451046,4.497506657749617e-06,0.0,0.0,0.0,0.0,2.4991431876431635e-07,2.4991431876431635e-07
150.0,GEO-1,1,2.327212309043139,0.2946950744580253,2.3277897049768157,0.2926627951515119,2.3277897049768157,0.2926627951515119,3.4248348219945156e-05,-7.466870335920417e-05,0.0,0.0,0.0,0.0,2.4991419112202447e-07,2.4991419112202447e-07
150.0,GEO-2,1,3.0754675889588277,-0.5369711408074826,3.075777453646244,-0.5361047337484808,3.075777453646244,-0.5361047337484808,-3.96229678417459e-05,4.221589412811699e-05,0.0,0.0,0.0,0.0,2.4991419112202447e-07,2.4991419112202447e-07
150.0,GEO-3,1,2.918484416695324,-0.15129206973205414,2.9183054641842476,-0.1520022839233617,2.9183054641842476,-0.1520022839233617,-0.0002922244682697972,0.00017925662434201405,0.0,0.0,0.0,0.0,2.4991419112202447e-07,2.4991419112202447e-07
150.0,GEO-1,2,2.340409421203398,0.3009420087710441,2.340975254656772,0.3029006234986596,2.340975254656772,0.3029006234986596,-0.00021536953730398877,0.00027821173526311195,0.0,0.0,0.0,0.0,2.4991419112202447e-07,2.4991419112202447e-07
150.0,GEO-2,2,3.088461026271072,-0.5293523780241509,3.088665895205259,-0.5304730556873161,3.088665895205259,-0.5304730556873161,-0.00027016121542935425,-0.0002723711922734018,0.0,0.0,0.0,0.0,2.4991419112202447e-07,2.4991419112202447e-07
150.0,GEO-3,2,2.930954343035234,-0.14522943833111024,2.932400147823153,-0.1471079858114986,2.932400147823153,-0.1471079858114986,-0.00024051270571820993,-7.420470001361646e-05,0.0,0.0,0.0,0.0,2.4991419112202447e-07,2.4991419112202447e-07
160.0,GEO-1,1,2.3250182744554264,0.2960887598066635,2.3255214793107584,0.29550680515750294,2.3255214793107584,0.29550680515750294,-0.0002268225666057333,0.0002844010005991049,0.0,0.0,0.0,0.0,2.4991409930230186e-07,2.4991409930230186e-07
160.0,GEO-2,1,3.073457668654138,-0.5362481221996316,3.074388267085227,-0.5370975965674547,3.074388267085227,-0.5370975965674547,-0.0001389186561016942,-9.928628189739274e-05,0.0,0.0,0.0,0.0,2.4991409930230186e-07,2.4991409930230186e-07
160.0,GEO-3,1,2.916521841679888,-0.1498765198702396,2.9178456894857403,-0.14957624677981912,2.9178456894857403,-0.14957624677981912,-4.5977469850733146e-05,0.00024260371435425864,0.0,0.0,0.0,0.0,2.4991409930230186e-07,2.4991409930230186e-07
160.0,GEO-1,2,2.33681777350752,0.30183916649629816,2.3350909328760805,0.2998653534680934,2.3350909328760805,0.2998653534680934,-0.0005884321780691426,-0.0003035270030566195,0.0,0.0,0.0,0.0,2.4991409930230186e-07,2.4991409930230186e-07
160.0,GEO-2,2,3.0852415618279245,-0.5293889632387945,3.0849254663152594,-0.5280947516103838,3.0849254663152594,-0.5280947516103838,-0.0003740428889999592,0.00023783040769322916,0.0,0.0,0.0,0.0,2.4991409930230186e-07,2.4991409930230186e-07
160.0,GEO-3,2,2.927792777334343,-0.14435677589101753,2.9279198073695865,-0.14428965518851372,2.9279198073695865,-0.14428965518851372,-0.00044803404535667115,0.00028183306229848657,0.0,0.0,0.0,0.0,2.4991409930230186e-07,2.4991409930230186e-07
170.0,GEO-1,1,2.3228364651096145,0.297467964203716,2.322600561275947,0.29820586437364405,2.322600561275947,0.29820586437364405,-0.00029209180348113153,0.00026990592161411084,0.0,0.0,0.0,0.0,2.499140331299089e-07,2.499140331299089e-07
170.0,GEO-2,1,3.071410019150739,-0.5354940458117681,3.071787345947434,-0.5352136999381258,3.071787345947434,-0.5352136999381258,-0.0002600921137793311,0.00018838966293288628,0.0,0.0,0.0,0.0,2.499140331299089e-07,2.499140331299089e-07
170.0,GEO-3,1,2.9145343964660273,-0.14844518977021684,2.913549673524669,-0.14725733646185987,2.913549673524669,-0.14725733646185987,-0.0004296015961071209,0.00023189103179592496,0.0,0.0,0.0,0.0,2.499140331299089e-07,2.499140331299089e-07
170.0,GEO-1,2,2.333242577365762,0.3027077451476022,2.334605657778488,0.3014063916273772,2.334605657778488,0.3014063916273772,-4.852750975925524e-05,0.0001541038159283803,0.0,0.0,0.0,0.0,2.499140331299089e-07,2.499140331299089e-07
170.0,GEO-2,2,3.0819505634248374,-0.5293832710685449,3.0842520585576825,-0.5286607644787913,3.0842520585576825,-0.5286607644787913,-6.734077575769604e-05,-5.660128684075172e-05,0.0,0.0,0.0,0.0,2.499140331299089e-07,2.499140331299089e-07
170.0,GEO-3,2,2.924582452506316,-0.1434657491705015,2.924094446509934,-0.14537010507664502,2.924094446509934,-0.14537010507664502,-0.00038253608596523493,-0.00010804498881313018,0.0,0.0,0.0,0.0,2.499140331299089e-07,2.499140331299089e-07
180.0,GEO-1,1,2.3206685884900202,0.2988320855745352,2.3213254349080503,0.29938959694793454,2.3213254349080503,0.29938959694793454,-0.00012751263678967284,0.00011837325742904969,0.0,0.0,0.0,0.0,2.4991398537783736e-07,2.4991398537783736e-07
180.0,GEO-2,1,3.069326088512961,-0.5347088336730605,3.068730456688631,-0.536499386940045,3.068730456688631,-0.536499386940045,-0.0003056889258802986,-0.00012856870019191114,0.0,0.0,0.0,0.0,2.4991398537783736e-07,2.4991398537783736e-07
180.0,GEO-3,1,2.9125235542626435,-0.14699867839090744,2.913648031020528,-0.14758699734400113,2.913648031020528,-0.14758699734400113,9.835749585906939e-06,-3.296608821412583e-05,0.0,0.0,0.0,0.0,2.4991398537783736e-07,2.4991398537783736e-07
180.0,GEO-1,2,2.3296874961811573,0.30354741855009354,2.3292157511059175,0.3063930636246031,2.3292157511059175,0.3063930636246031,-0.0005389906672570444,0.0004986671997225911,0.0,0.0,0.0,0.0,2.4991398537783736e-07,2.4991398537783736e-07
180.0,GEO-2,2,3.078590808320728,-0.529334317543597,3.0807187805176772,-0.5283805808121039,3.0807187805176772,-0.5283805808121039,-0.00035332780400052497,2.801836666873614e-05,0.0,0.0,0.0,0.0,2.4991398537783736e-07,2.4991398537783736e-07
180.0,GEO-3,2,2.921326312348264,-0.14255661388492666,2.9208708913243977,-0.14190715261094825,2.9208708913243977,-0.14190715261094825,-0.00032235551855364086,0.0003462952465696778,0.0,0.0,0.0,0.0,2.4991398537783736e-07,2.4991398537783736e-07
190.0,GEO-1,1,2.318516334156142,0.30018054480891704,2.316234864378854,0.3002870775104946,2.316234864378854,0.3002870775104946,-0.000509057052919637,8.974805625600602e-05,0.0,0.0,0.0,0.0,2.4991395088536127e-07,2.4991395088536127e-07
190.0,GEO-2,1,3.0672073726599827,-0.5338924370640213,3.0664475543782004,-0.535178042207686,3.0664475543782004,-0.535178042207686,-0.00022829023104304903,0.00013213447323588977,0.0,0.0,0.0,0.0,2.4991395088536127e-07,2.4991395088536127e-07
190.0,GEO-3,1,2.910490819097067,-0.14553760332802718,2.9089080146328286,-0.14501246173015203,2.9089080146328286,-0.14501246173015203,-0.0004740016387699608,0.00025745356138490996,0.0,0.0,0.0,0.0,2.4991395088536127e-07,2.4991395088536127e-07
190.0,GEO-1,2,2.3261561512188234,0.30435791528165,2.326245451592137,0.3045176389456502,2.326245451592137,0.3045176389456502,-0.0002970299513780361,-0.00018754246789529083,0.0,0.0,0.0,0.0,2.4991395088536127e-07,2.4991395088536127e-07
190.0,GEO-2,2,3.0751652092938113,-0.5292411701007862,3.076007585349068,-0.5300872538694517,3.076007585349068,-0.5300872538694517,-0.00047111951686091836,-0.00017066730573477295,0.0,0.0,0.0,0.0,2.4991395088536127e-07,2.4991395088536127e-07
190.0,GEO-3,2,2.918027391100817,-0.14162965681996256,2.916791806646348,-0.14340602220488083,2.916791806646348,-0.14340602220488083,-0.0004079084678049849,-0.00014988695939325837,0.0,0.0,0.0,0.0,2.4991395088536127e-07,2.4991395088536127e-07
200.0,GEO-1,1,2.3163813713987826,0.3015127861597361,2.316046174824856,0.3022729423682886,2.316046174824856,0.3022729423682886,-1.8868955399797825e-05,0.00019858648577940065,0.0,0.0,0.0,0.0,2.4991392595355924e-07,2.4991392595355924e-07
200.0,GEO-2,1,3.0650554137742203,-0.533044837492437,3.0649059902489446,-0.5324037093020852,3.0649059902489446,-0.5324037093020852,-0.0001541564129255768,0.0002774332905600807,0.0,0.0,0.0,0.0,2.4991392595355924e-07,2.4991392595355924e-07
200.0,GEO-3,1,2.908437723944066,-0.14406260037818722,2.907256670230461,-0.14453172171005893,2.907256670230461,-0.14453172171005893,-0.00016513444023673606,4.807400200931011e-05,0.0,0.0,0.0,0.0,2.4991392595355924e-07,2.4991392595355924e-07
200.0,GEO-1,2,2.322652113990897,0.3051390184966883,2.321886177309515,0.3038906406864526,2.321886177309515,0.3038906406864526,-0.000435927428262195,-6.269982591975975e-05,0.0,0.0,0.0,0.0,2.4991392595355924e-07,2.4991392595355924e-07
200.0,GEO-2,2,3.0716768109329,-0.529102951478058,3.0735362844701606,-0.5282508107057903,3.0735362844701606,-0.5282508107057903,-0.00024713008789074565,0.00018364431636613832,0.0,0.0,0.0,0.0,2.4991392595355924e-07,2.4991392595355924e-07
200.0,GEO-3,2,2.914688808261807,-0.14068519599825424,2.9139270077095305,-0.141451213206444,2.9139270077095305,-0.141451213206444,-0.00028647989368173475,0.00019548089984368355,0.0,0.0,0.0,0.0,2.4991392595355924e-07,2.4991392595355924e-07
210.0,GEO-1,1,2.314265346956225,0.3028282775782923,2.3142081501024196,0.30138622367552376,2.3142081501024196,0.30138622367552376,-0.00018380247224363265,-8.867186927648541e-05,0.0,0.0,0.0,0.0,2.4991390792320676e-07,2.4991390792320676e-07
210.0,GEO-2,1,3.062871798583241,-0.5321660476210012,3.063307625749126,-0.5334602863961645,3.063307625749126,-0.5334602863961645,-0.00015983644998187607,-0.00010565770940792473,0.0,0.0,0.0,0.0,2.4991390792320676e-07,2.4991390792320676e-07
210.0,GEO-3,1,2.906365828775504,-0.14257432305078774,2.9059953958006326,-0.1435991456749157,2.9059953958006326,-0.1435991456749157,-0.00012612744298285962,9.3257603514324e-05,0.0,0.0,0.0,0.0,2.4991390792320676e-07,2.4991390792320676e-07
210.0,GEO-1,2,2.319178898877576,0.30589056553971133,2.318699050587841,0.30455940835914636,2.318699050587841,0.30455940835914636,-0.00031871267216740937,6.687676726937485e-05,0.0,0.0,0.0,0.0,2.4991390792320676e-07,2.4991390792320676e-07
210.0,GEO-2,2,3.068128785382007,-0.5289188435234571,3.066555963354981,-0.5298849844011839,3.066555963354981,-0.5298849844011839,-0.0006980321115179766,-0.0001634173695393648,0.0,0.0,0.0,0.0,2.4991390792320676e-07,2.4991390792320676e-07
210.0,GEO-3,2,2.9113137630363966,-0.13972358072706378,2.9106337531787263,-0.1400184701567664,2.9106337531787263,-0.1400184701567664,-0.0003293254530804202,0.00014327430496775817,0.0,0.0,0.0,0.0,2.4991390792320676e-07,2.4991390792320676e-07
220.0,GEO-1,1,2.312169882796554,0.30412651098621835,2.312238866428695,0.3056534070960647,2.312238866428695,0.3056534070960647,-0.0001969283673724842,0.00042671834205409433,0.0,0.0,0.0,0.0,2.499138948794164e-07,2.499138948794164e-07
220.0,GEO-2,1,3.060658156517628,-0.5312561121419597,3.0614704083481894,-0.531509011343646,3.0614704083481894,-0.531509011343646,-0.00018372174009364528,0.0001951275052518464,0.0,0.0,0.0,0.0,2.499138948794164e-07,2.499138948794164e-07
220.0,GEO-3,1,2.9042767185351166,-0.14107344202847896,2.905002636869854,-0.14176233929301982,2.905002636869854,-0.14176233929301982,-9.927589307787699e-05,0.00018368063818958725,0.0,0.0,0.0,0.0,2.499138948794164e-07,2.499138948794164e-07
220.0,GEO-1,2,2.3157399560163667,0.30661244735423665,2.3171884474029834,0.30716192431667755,2.3171884474029834,0.30716192431667755,-0.00015106031848577395,0.0002602515957531193,0.0,0.0,0.0,0.0,2.499138948794164e-07,2.499138948794164e-07
220.0,GEO-2,2,3.064524427541088,-0.5286880908945879,3.0631685882064166,-0.5279327053711143,3.0631685882064166,-0.5279327053711143,-0.00033873751485642424,0.00019522790300696702,0.0,0.0,0.0,0.0,2.499138948794164e-07,2.499138948794164e-07
220.0,GEO-3,2,2.907905528441493,-0.13874519152359763,2.9087216207941107,-0.14143078681325008,2.9087216207941107,-0.14143078681325008,-0.0001912132384615628,-0.00014123166564836698,0.0,0.0,0.0,0.0,2.499138948794164e-07,2.499138948794164e-07
230.0,GEO-1,1,2.310096573971845,0.30540700248410224,2.3093484790175935,0.30493317996448377,2.3093484790175935,0.30493317996448377,-0.00028903874111012583,-7.202271315809305e-05,0.0,0.0,0.0,0.0,2.4991388544036423e-07,2.4991388544036423e-07
230.0,GEO-2,1,3.058416157747838,-0.5303151085941726,3.0564876454960377,-0.5313822860864852,3.0564876454960377,-0.5313822860864852,-0.0004982762852151712,1.2672525716084238e-05,0.0,0.0,0.0,0.0,2.4991388544036423e-07,2.4991388544036423e-07
230.0,GEO-3,1,2.9021720010433008,-0.13956064457722417,2.9012236428551077,-0.13905354877185844,2.9012236428551077,-0.13905354877185844,-0.0003778994014746129,0.00027087905211613803,0.0,0.0,0.0,0.0,2.4991388544036423e-07,2.4991388544036423e-07
230.0,GEO-1,2,2.3123386644892947,0.30730460769418494,2.312639127667025,0.30993078152280357,2.312639127667025,0.30993078152280357,-0.00045493197359585124,0.00027688572061260186,0.0,0.0,0.0,0.0,2.4991388544036423e-07,2.4991388544036423e-07
230.0,GEO-2,2,3.0608671497297664,-0.5284100046243236,3.0604728903263823,-0.5272567736304825,3.0604728903263823,-0.5272567736304825,-0.00026956978800343203,6.759317406317411e-05,0.0,0.0,0.0,0.0,2.4991388544036423e-07,2.4991388544036423e-07
230.0,GEO-3,2,2.904467445085027,-0.13775043991557692,2.9045462915604077,-0.13747951413660617,2.9045462915604077,-0.13747951413660617,-0.00041753292337030066,0.0003951272676643913,0.0,0.0,0.0,0.0,2.4991388544036423e-07,2.4991388544036423e-07
240.0,GEO-1,1,2.308046986549571,0.3066692924972826,2.306887356732285,0.30475839271934013,2.306887356732285,0.30475839271934013,-0.00024611222853083704,-1.747872451436372e-05,0.0,0.0,0.0,0.0,2.4991387860868283e-07,2.4991387860868283e-07
240.0,GEO-2,1,3.056147511103737,-0.5293431481181239,3.0553803628779197,-0.5285809795464105,3.0553803628779197,-0.5285809795464105,-0.00011072826181179884,0.0002801306540074711,0.0,0.0,0.0,0.0,2.4991387860868283e-07,2.4991387860868283e-07
240.0,GEO-3,1,2.9000533048371455,-0.13803663390726809,2.9016361104491706,-0.1374326428564028,2.9016361104491706,-0.1374326428564028,4.124675940628819e-05,0.0001620905915455634,0.0,0.0,0.0,0.0,2.4991387860868283e-07,2.4991387860868283e-07
240.0,GEO-1,2,2.3089783258353,0.3079670421461381,2.309476606745143,0.3071282752921638,2.309476606745143,0.3071282752921638,-0.00031625209218817397,-0.0002802506230639767,0.0,0.0,0.0,0.0,2.4991387860868283e-07,2.4991387860868283e-07
240.0,GEO-2,2,3.057160475825028,-0.5280839655285976,3.0586947696703435,-0.5267401592082008,3.0586947696703435,-0.5267401592082008,-0.0001778120656038773,5.1661442228168045e-05,0.0,0.0,0.0,0.0,2.4991387860868283e-07,2.4991387860868283e-07
240.0,GEO-3,2,2.90100291464331,-0.13673976811550767,2.9004720821561407,-0.13678613878470156,2.9004720821561407,-0.13678613878470156,-0.0004074209404266949,6.933753519046126e-05,0.0,0.0,0.0,0.0,2.4991387860868283e-07,2.4991387860868283e-07
250.0,GEO-1,1,2.3060226556261636,0.30791294585955936,2.305026603702699,0.3093801527449433,2.305026603702699,0.3093801527449433,-0.0001860753029585993,0.0004621760025603161,0.0,0.0,0.0,0.0,2.499138736634589e-07,2.499138736634589e-07
250.0,GEO-2,1,3.0538539618810736,-0.5283403761445672,3.0542603160501036,-0.5284354408137276,3.0542603160501036,-0.5284354408137276,-0.00011200468278160791,1.4553873268285944e-05,0.0,0.0,0.0,0.0,2.499138736634589e-07,2.499138736634589e-07
250.0,GEO-3,1,2.8979222769512867,-0.13650212848657595,2.898329176951709,-0.13606150619620744,2.898329176951709,-0.13606150619620744,-0.0003306933497461362,0.00013711366601953657,0.0,0.0,0.0,0.0,2.499138736634589e-07,2.499138736634589e-07
250.0,GEO-1,2,2.3056621579123022,0.308599796972094,2.3052506612088997,0.3073582317863511,2.3052506612088997,0.3073582317863511,-0.0004225945536243447,2.299564941872778e-05,0.0,0.0,0.0,0.0,2.499138736634589e-07,2.499138736634589e-07
250.0,GEO-2,2,3.0534080348880486,-0.5277094274323986,3.0521242895193335,-0.52944779394551,3.0521242895193335,-0.52944779394551,-0.0006570480151010027,-0.00027076347373091727,0.0,0.0,0.0,0.0,2.499138736634589e-07,2.499138736634589e-07
250.0,GEO-3,2,2.8975153930621804,-0.13571364856804466,2.897976646082677,-0.13349510672941065,2.897976646082677,-0.13349510672941065,-0.0002495436073463697,0.000329103205529091,0.0,0.0,0.0,0.0,2.499138736634589e-07,2.499138736634589e-07
260.0,GEO-1,1,2.304025083427242,0.3091375518358459,2.302326014129606,0.30927583929467084,2.302326014129606,0.30927583929467084,-0.00027005895730933813,-1.0431345027245299e-05,0.0,0.0,0.0,0.0,2.4991387008355657e-07,2.4991387008355657e-07
260.0,GEO-2,1,3.051537289539796,-0.5273069730126899,3.051948273482402,-0.5282915986899513,3.051948273482402,-0.5282915986899513,-0.00023120425677016775,1.4384212377627215e-05,0.0,0.0,0.0,0.0,2.4991387008355657e-07,2.4991387008355657e-07
260.0,GEO-3,1,2.8957805806454955,-0.13495786130856385,2.895985006447563,-0.13605479820748223,2.895985006447563,-0.13605479820748223,-0.0002344170504146259,6.707988725207503e-07,0.0,0.0,0.0,0.0,2.4991387008355657e-07,2.4991387008355657e-07
260.0,GEO-1,2,2.30239328913054,0.3092029677834317,2.3035936912495276,0.30860871872712015,2.3035936912495276,0.30860871872712015,-0.00016569699593720343,0.0001250486940769069,0.0,0.0,0.0,0.0,2.4991387008355657e-07,2.4991387008355657e-07
260.0,GEO-2,2,3.049613554299509,-0.5272859201906495,3.0497141146830002,-0.5266016786056549,3.0497141146830002,-0.5266016786056549,-0.00024101748363332122,0.00028461153398551264,0.0,0.0,0.0,0.0,2.4991387008355657e-07,2.4991387008355657e-07
260.0,GEO-3,2,2.8940083835099752,-0.13467258337081306,2.8935785641407827,-0.1364638141936541,2.8935785641407827,-0.1364638141936541,-0.0004398081941894283,-0.0002968707464243464,0.0,0.0,0.0,0.0,2.4991387008355657e-07,2.4991387008355657e-07
270.0,GEO-1,1,2.3020557374985753,0.3103427240850455,2.30152448183964,0.31110571935269193,2.30152448183964,0.31110571935269193,-8.015322899659338e-05,0.0001829880058021094,0.0,0.0,0.0,0.0,2.499138674915335e-07,2.499138674915335e-07
270.0,GEO-2,1,3.049199305299666,-0.5262431545139019,3.0491147726423726,-0.5260133653299379,3.0491147726423726,-0.5260133653299379,-0.00028335008400293127,0.00022782333600134262,0.0,0.0,0.0,0.0,2.499138674915335e-07,2.499138674915335e-07
270.0,GEO-3,1,2.8936298930851803,-0.133404579116193,2.892549491278275,-0.13326135620537746,2.892549491278275,-0.13326135620537746,-0.00034355151692877506,0.0002793442002104768,0.0,0.0,0.0,0.0,2.499138674915335e-07,2.499138674915335e-07
270.0,GEO-1,2,2.2991747530757842,0.3097766980577459,2.2999029200657026,0.3098131460782365,2.2999029200657026,0.3098131460782365,-0.0003690771183824992,0.00012044273511163661,0.0,0.0,0.0,0.0,2.499138674915335e-07,2.499138674915335e-07
270.0,GEO-2,2,3.0457808524269203,-0.5268130524814421,3.0476888670172406,-0.5270208460597026,3.0476888670172406,-0.5270208460597026,-0.0002025247665759622,-4.191674540476864e-05,0.0,0.0,0.0,0.0,2.499138674915335e-07,2.499138674915335e-07
270.0,GEO-3,2,2.8904854291124664,-0.13361710357004086,2.889444078876129,-0.13523476281238694,2.889444078876129,-0.13523476281238694,-0.0004134485264653875,0.00012290513812671656,0.0,0.0,0.0,0.0,2.499138674915335e-07,2.499138674915335e-07
280.0,GEO-1,1,2.3001160489913928,0.3115281005646887,2.3012680548825855,0.3114690823208922,2.3012680548825855,0.3114690823208922,-2.56426957054412e-05,3.6336296820027594e-05,0.0,0.0,0.0,0.0,2.4991386561492843e-07,2.4991386561492843e-07
280.0,GEO-2,1,3.0468418496392298,-0.5251491723576089,3.047853471419092,-0.5246915034388369,3.047853471419092,-0.5246915034388369,-0.00012613012232804978,0.00013218618911010617,0.0,0.0,0.0,0.0,2.4991386561492843e-07,2.4991386561492843e-07
280.0,GEO-3,1,2.8914719029812477,-0.13184304158474078,2.8930969872718237,-0.13057693422197966,2.8930969872718237,-0.13057693422197966,5.474959935485302e-05,0.00026844219833978,0.0,0.0,0.0,0.0,2.4991386561492843e-07,2.4991386561492843e-07
280.0,GEO-1,2,2.2960094835379787,0.3103211775110109,2.2956319289758107,0.3105950624119251,2.2956319289758107,0.3105950624119251,-0.0004270991089891929,7.819163336885703e-05,0.0,0.0,0.0,0.0,2.4991386561492843e-07,2.4991386561492843e-07
280.0,GEO-2,2,3.0419138308515294,-0.5262905143501628,3.0429992028442023,-0.5275265894942183,3.0429992028442023,-0.5275265894942183,-0.00046896641730382883,-5.0574343451570414e-05,0.0,0.0,0.0,0.0,2.4991386561492843e-07,2.4991386561492843e-07
280.0,GEO-3,2,2.886950105501801,-0.13254776833335274,2.8884010014768617,-0.13133577499104054,2.8884010014768617,-0.13133577499104054,-0.00010430773992671227,0.00038989878213464,0.0,0.0,0.0,0.0,2.4991386561492843e-07,2.4991386561492843e-07
290.0,GEO-1,1,2.2982074110451864,0.3126933433790947,2.2991903369084983,0.3124924112181777,2.2991903369084983,0.3124924112181777,-0.00020777179740871787,0.00010233288972855137,0.0,0.0,0.0,0.0,2.499138642561282e-07,2.499138642561282e-07
290.0,GEO-2,1,3.0444667897047073,-0.5240253145556182,3.0447689307444503,-0.5251425537965204,3.0447689307444503,-0.5251425537965204,-0.00030845406746418116,-4.510503576835578e-05,0.0,0.0,0.0,0.0,2.499138642561282e-07,2.499138642561282e-07
290.0,GEO-3,1,2.8893083081959934,-0.13027402046578995,2.8893662623698284,-0.1308613999872294,2.8893662623698284,-0.1308613999872294,-0.00037307249019953305,-2.844657652497362e-05,0.0,0.0,0.0,0.0,2.499138642561282e-07,2.499138642561282e-07
290.0,GEO-1,2,2.2929003099577296,0.31083664033818564,2.292986873923072,0.3103420140753847,2.292986873923072,0.3103420140753847,-0.00026450550527385986,-2.530483365403846e-05,0.0,0.0,0.0,0.0,2.499138642561282e-07,2.499138642561282e-07
290.0,GEO-2,2,3.038016466186272,-0.5257180794843449,3.038300269698191,-0.52453874730801,3.038300269698191,-0.52453874730801,-0.00046989331460114416,0.0002987842186208289,0.0,0.0,0.0,0.0,2.499138642561282e-07,2.499138642561282e-07
290.0,GEO-3,2,2.883406013213091,-0.1314651640030653,2.8820964100291766,-0.1305397731275414,2.8820964100291766,-0.1305397731275414,-0.0006304591447685137,7.960018634991516e-05,0.0,0.0,0.0,0.0,2.499138642561282e-07,2.499138642561282e-07
300.0,GEO-1,1,2.296331177270688,0.3138381385730341,2.29433936470117,0.3116771052225069,2.29433936470117,0.3116771052225069,-0.0004850972207328219,-8.153059956708119e-05,0.0,0.0,0.0,0.0,2.4991386327227835e-07,2.4991386327227835e-07
300.0,GEO-2,1,3.042076016635921,-0.5228719057221424,3.0419566479595224,-0.5228651763405033,3.0419566479595224,-0.5228651763405033,-0.0002812282784927955,0.00022773774560170824,0.0,0.0,0.0,0.0,2.4991386327227835e-07,2.4991386327227835e-07
300.0,GEO-3,1,2.8871408133218766,-0.1286982986951951,2.8875836141755227,-0.13034568396536256,2.8875836141755227,-0.13034568396536256,-0.0001782648194305736,5.157160218668411e-05,0.0,0.0,0.0,0.0,2.4991386327227835e-07,2.4991386327227835e-07
300.0,GEO-1,2,2.289849953299965,0.31132336333586846,2.28979001465722,0.3114498880330961,2.28979001465722,0.3114498880330961,-0.00031968592658522256,0.00011078739577113916,0.0,0.0,0.0,0.0,2.4991386327227835e-07,2.4991386327227835e-07
300.0,GEO-2,2,3.034092801519967,-0.5250956072006387,3.0353480065031384,-0.5251994467861454,3.0353480065031384,-0.5251994467861454,-0.0002952263195052485,-6.60699478135407e-05,0.0,0.0,0.0,0.0,2.4991386327227835e-07,2.4991386327227835e-07
300.0,GEO-3,2,2.8798567699636513,-0.13036990303429857,2.880385761711973,-0.1313473285846271,2.880385761711973,-0.1313473285846271,-0.0001710648317203578,-8.075554570857179e-05,0.0,0.0,0.0,0.0,2.4991386327227835e-07,2.4991386327227835e-07
310.0,GEO-1,1,2.2944886603352113,0.3149621958730659,2.2943011057014115,0.31451666055192745,2.2943011057014115,0.31451666055192745,-3.825899975851143e-06,0.000283955532942054,0.0,0.0,0.0,0.0,2.499138625598937e-07,2.499138625598937e-07
310.0,GEO-2,1,3.0396714428168172,-0.5216893072867083,3.0403747471954787,-0.5226781265640515,3.0403747471954787,-0.5226781265640515,-0.00015819007640436312,1.8704977645178645e-05,0.0,0.0,0.0,0.0,2.499138625598937e-07,2.499138625598937e-07
310.0,GEO-3,1,2.8849711272401835,-0.12711666946798358,2.884136804783054,-0.1265406812994366,2.884136804783054,-0.1265406812994366,-0.0003446809392468886,0.0003805002665925955,0.0,0.0,0.0,0.0,2.499138625598937e-07,2.499138625598937e-07
310.0,GEO-1,2,2.286861022361022,0.31178166392096196,2.2886504590231787,0.31216436725149144,2.2886504590231787,0.31216436725149144,-0.00011395556340412227,7.144792183953474e-05,0.0,0.0,0.0,0.0,2.499138625598937e-07,2.499138625598937e-07
310.0,GEO-2,2,3.0301469375263577,-0.5244230441270734,3.030450497819786,-0.5247691865206614,3.030450497819786,-0.5247691865206614,-0.0004897508683352481,4.302602654839838e-05,0.0,0.0,0.0,0.0,2.499138625598937e-07,2.499138625598937e-07
310.0,GEO-3,2,2.87630600285092,-0.1292626228231588,2.877394428079815,-0.12872270586650197,2.877394428079815,-0.12872270586650197,-0.00029913336321580887,0.00026246227181251356,0.0,0.0,0.0,0.0,2.499138625598937e-07,2.499138625598937e-07
320.0,GEO-1,1,2.292681130652109,0.31606524837888844,2.29441432337147,0.31639595988923336,2.29441432337147,0.31639595988923336,1.1321767005867401e-05,0.00018792993373059063,0.0,0.0,0.0,0.0,2.499138620439679e-07,2.499138620439679e-07
320.0,GEO-2,1,3.0372549990586157,-0.5204779176176441,3.0363063221408377,-0.5210478591184667,3.0363063221408377,-0.5210478591184667,-0.0004068425054641001,0.00016302674455848098,0.0,0.0,0.0,0.0,2.499138620439679e-07,2.499138620439679e-07
320.0,GEO-3,1,2.8828009606666956,-0.12552993528333262,2.88181355611361,-0.12678075617624296,2.88181355611361,-0.12678075617624296,-0.0002323248669443778,-2.4007487680635654e-05,0.0,0.0,0.0,0.0,2.499138620439679e-07,2.499138620439679e-07
320.0,GEO-1,2,2.283936010512382,0.312211898059503,2.285199727938913,0.3130192349676012,2.285199727938913,0.3130192349676012,-0.00034507310842655234,8.54867716109764e-05,0.0,0.0,0.0,0.0,2.499138620439679e-07,2.499138620439679e-07
320.0,GEO-2,2,3.0261830232797715,-0.5237004255657705,3.024944378903962,-0.5219191048828802,3.024944378903962,-0.5219191048828802,-0.0005506118915823866,0.0002850081637781221,0.0,0.0,0.0,0.0,2.499138620439679e-07,2.499138620439679e-07
320.0,GEO-3,2,2.8727573405058204,-0.1281439844311452,2.8730019012319867,-0.12910087641974557,2.8730019012319867,-0.12910087641974557,-0.0004392526847828204,-3.7817055324360084e-05,0.0,0.0,0.0,0.0,2.499138620439679e-07,2.499138620439679e-07
330.0,GEO-1,1,2.2909098151755836,0.317147052207205,2.291296037117023,0.3170778579518501,2.291296037117023,0.3170778579518501,-0.0003118286254447433,6.818980626167592e-05,0.0,0.0,0.0,0.0,2.4991386167043036e-07,2.4991386167043036e-07
330.0,GEO-2,1,3.034828631723981,-0.5192381720542182,3.034055976969825,-0.5211811063466408,3.034055976969825,-0.5211811063466408,-0.00022503451710127466,-1.3324722817409374e-05,0.0,0.0,0.0,0.0,2.4991386167043036e-07,2.4991386167043036e-07
330.0,GEO-3,1,2.880632023691558,-0.12393890696292925,2.8806687435959826,-0.12364691111502785,2.8806687435959826,-0.12364691111502785,-0.00011448125176274359,0.00031338450612151123,0.0,0.0,0.0,0.0,2.4991386167043036e-07,2.4991386167043036e-07
330.0,GEO-1,2,2.281077292881385,0.3126144581198757,2.278498215500852,0.313169365449039,2.278498215500852,0.313169365449039,-0.0006701512438060941,1.5013048143780461e-05,0.0,0.0,0.0,0.0,2.4991386167043036e-07,2.4991386167043036e-07
330.0,GEO-2,2,3.022205246821933,-0.5229278765234756,3.0228228801372063,-0.5233976721308763,3.0228228801372063,-0.5233976721308763,-0.0002121498766755714,-0.00014785672479961098,0.0,0.0,0.0,0.0,2.4991386167043036e-07,2.4991386167043036e-07
330.0,GEO-3,2,2.869214405238719,-0.12701467121277607,2.8693265282936307,-0.12729532937506502,2.8693265282936307,-0.12729532937506502,-0.00036753729383560697,0.00018055470446805554,0.0,0.0,0.0,0.0,2.4991386167043036e-07,2.4991386167043036e-07
340.0,GEO-1,1,2.2891758963016793,0.31820738609072935,2.288338793735776,0.31784733111024027,2.288338793735776,0.31784733111024027,-0.00029572433812465884,7.694731583901548e-05,0.0,0.0,0.0,0.0,2.4991386139997824e-07,2.4991386139997824e-07
340.0,GEO-2,1,3.0323942998009947,-0.5179705428459064,3.033745903635669,-0.519421159933337,3.033745903635669,-0.519421159933337,-3.100733341558915e-05,0.00017599464133037922,0.0,0.0,0.0,0.0,2.4991386139997824e-07,2.4991386139997824e-07
340.0,GEO-3,1,2.878466023320566,-0.12234440264616116,2.8787032156013255,-0.12216028489054691,2.8787032156013255,-0.12216028489054691,-0.00019655279946571014,0.00014866262244809386,0.0,0.0,0.0,0.0,2.4991386139997824e-07,2.4991386139997824e-07
340.0,GEO-1,2,2.2782871239664493,0.31298977066454076,2.2775794936624028,0.31254943145892916,2.2775794936624028,0.31254943145892916,-9.187218384494322e-05,-6.199339901098444e-05,0.0,0.0,0.0,0.0,2.4991386139997824e-07,2.4991386139997824e-07
340.0,GEO-2,2,3.018217825526859,-0.5221056123996259,3.016817412123015,-0.5229575745891515,3.016817412123015,-0.5229575745891515,-0.0006005468014191439,4.400975417248043e-05,0.0,0.0,0.0,0.0,2.4991386139997824e-07,2.4991386139997824e-07
340.0,GEO-3,2,2.8656808052152156,-0.12587538735420475,2.865695757045203,-0.1255486714508234,2.865695757045203,-0.1255486714508234,-0.0003630771248427589,0.00017466579242416124,0.0,0.0,0.0,0.0,2.4991386139997824e-07,2.4991386139997824e-07
350.0,GEO-1,1,2.287480510875792,0.31924605093507014,2.2865821340734556,0.3223023933836467,2.2865821340734556,0.3223023933836467,-0.00017566596623206366,0.00044550622734064184,0.0,0.0,0.0,0.0,2.499138612041292e-07,2.499138612041292e-07
350.0,GEO-2,1,3.029953971935981,-0.5166755389977044,3.02938362738622,-0.5165482089936156,3.02938362738622,-0.5165482089936156,-0.0004362276249449071,0.0002872950939721397,0.0,0.0,0.0,0.0,2.499138612041292e-07,2.499138612041292e-07
350.0,GEO-3,1,2.8763046610250864,-0.12074724676571141,2.8760740809439502,-0.12114702655036211,2.8760740809439502,-0.12114702655036211,-0.00026291346573752427,0.00010132583401848,0.0,0.0,0.0,0.0,2.499138612041292e-07,2.499138612041292e-07
350.0,GEO-1,2,2.2755676356816723,0.3133382941942095,2.27686870460464,0.31285948281344983,2.27686870460464,0.31285948281344983,-7.10789057762895e-05,3.1005135452066845e-05,0.0,0.0,0.0,0.0,2.499138612041292e-07,2.499138612041292e-07
350.0,GEO-2,2,3.0142249963127177,-0.5212339393241867,3.0155593851275833,-0.5200921230417415,3.0155593851275833,-0.5200921230417415,-0.00012580269954316493,0.0002865451547410025,0.0,0.0,0.0,0.0,2.499138612041292e-07,2.499138612041292e-07
350.0,GEO-3,2,2.862160126698714,-0.12472685633129316,2.861114461536112,-0.12369136283731827,2.861114461536112,-0.12369136283731827,-0.00045812955090909215,0.00018573086135051375,0.0,0.0,0.0,0.0,2.499138612041292e-07,2.499138612041292e-07
360.0,GEO-1,1,2.2858247493066197,0.3202628693363249,2.285174371221418,0.3229993280621874,2.285174371221418,0.3229993280621874,-0.0001407762852037475,6.96934678540706e-05,0.0,0.0,0.0,0.0,2.499138610623002e-07,2.499138610623002e-07
360.0,GEO-2,1,3.027509623434504,-0.5153537060208344,3.0271237930672164,-0.5162946322550381,3.0271237930672164,-0.5162946322550381,-0.0002259834319003673,2.5357673857751006e-05,0.0,0.0,0.0,0.0,2.499138610623002e-07,2.499138610623002e-07
360.0,GEO-3,1,2.874149630307781,-0.11914826900722827,2.8722385540371596,-0.12044131416913495,2.8722385540371596,-0.12044131416913495,-0.0003835526906790676,7.057123812271581e-05,0.0,0.0,0.0,0.0,2.499138610623002e-07,2.499138610623002e-07
360.0,GEO-1,2,2.272920835823232,0.3136605168580641,2.2723401869111166,0.31266248905505717,2.2723401869111166,0.31266248905505717,-0.00045285176935232484,-1.9699375839266063e-05,0.0,0.0,0.0,0.0,2.499138610623002e-07,2.499138610623002e-07
360.0,GEO-2,2,3.010231005751035,-0.5203132541401088,3.0090023188548805,-0.5210085938702076,3.0090023188548805,-0.5210085938702076,-0.0006557066272702805,-9.164708284661315e-05,0.0,0.0,0.0,0.0,2.499138610623002e-07,2.499138610623002e-07
360.0,GEO-3,2,2.858655926396146,-0.12356981929622206,2.858449378652347,-0.12212047192157972,2.858449378652347,-0.12212047192157972,-0.0002665082883765102,0.00015708909157385458,0.0,0.0,0.0,0.0,2.499138610623002e-07,2.499138610623002e-07
370.0,GEO-1,1,2.284209654786052,0.32125768506227875,2.2825063598972437,0.3207060440637896,2.2825063598972437,0.3207060440637896,-0.00026680113241743796,-0.00022932839983977882,0.0,0.0,0.0,0.0,2.4991386095968787e-07,2.4991386095968787e-07
370.0,GEO-2,1,3.025063233240034,-0.5140056255886679,3.0241093396348333,-0.515520773383015,3.0241093396348333,-0.515520773383015,-0.00030144534323830465,7.73858872023081e-05,0.0,0.0,0.0,0.0,2.4991386095968787e-07,2.4991386095968787e-07
370.0,GEO-3,1,2.8720026142912074,-0.11754830325681637,2.8707364776346873,-0.1184540380969642,2.8707364776346873,-0.1184540380969642,-0.0001502076402472241,0.00019872760721707517,0.0,0.0,0.0,0.0,2.4991386095968787e-07,2.4991386095968787e-07
370.0,GEO-1,2,2.2703486069476915,0.31395695414319114,2.271065650383947,0.3137630535675726,2.271065650383947,0.3137630535675726,-0.00012745365271698005,0.0001100564512515445,0.0,0.0,0.0,0.0,2.4991386095968787e-07,2.4991386095968787e-07
370.0,GEO-2,2,3.006240100124613,-0.5193440440279695,3.0057021150121064,-0.5187327523333205,3.0057021150121064,-0.5187327523333205,-0.0003300203842774074,0.0002275841536887091,0.0,0.0,0.0,0.0,2.4991386095968787e-07,2.4991386095968787e-07
370.0,GEO-3,2,2.855171723942305,-0.12240503340223652,2.8554524934349037,-0.12262836224641602,2.8554524934349037,-0.12262836224641602,-0.0002996885217443346,-5.078903248362937e-05,0.0,0.0,0.0,0.0,2.4991386095968787e-07,2.4991386095968787e-07
380.0,GEO-1,1,2.28263622261409,0.32223036250015497,2.2830205084573514,0.32140201151481457,2.2830205084573514,0.32140201151481457,5.141485601076745e-05,6.959674510249591e-05,0.0,0.0,0.0,0.0,2.499138608852463e-07,2.499138608852463e-07
380.0,GEO-2,1,3.0226167808999267,-0.5126319150981323,3.0232441622418755,-0.5121649901498798,3.0232441622418755,-0.5121649901498798,-8.651773929577722e-05,0.0003355783233135234,0.0,0.0,0.0,0.0,2.499138608852463e-07,2.499138608852463e-07
380.0,GEO-3,1,2.8698652833362504,-0.11594818654014988,2.8694529790611343,-0.11716766270765319,2.8694529790611343,-0.11716766270765319,-0.00012834985735530325,0.00012863753893110064,0.0,0.0,0.0,0.0,2.499138608852463e-07,2.499138608852463e-07
380.0,GEO-1,2,2.2678527056502378,0.31422814655586595,2.2693727700104804,0.31432234756928534,2.2693727700104804,0.31432234756928534,-0.00016928803734663766,5.59294001712729e-05,0.0,0.0,0.0,0.0,2.499138608852463e-07,2.499138608852463e-07
380.0,GEO-2,2,3.0022565154860636,-0.5183268857731131,3.0053077804764436,-0.5189802948436464,3.0053077804764436,-0.5189802948436464,-3.943345356627326e-05,-2.4754251032588214e-05,0.0,0.0,0.0,0.0,2.499138608852463e-07,2.499138608852463e-07
380.0,GEO-3,2,2.851710994557008,-0.12123327007654064,2.8525638375721876,-0.1216674892378665,2.8525638375721876,-0.1216674892378665,-0.00028886558627161385,9.608730085495232e-05,0.0,0.0,0.0,0.0,2.499138608852463e-07,2.499138608852463e-07
390.0,GEO-1,1,2.281105399627502,0.3231807860738949,2.2813590676807234,0.32401417728604043,2.2813590676807234,0.32401417728604043,-0.00016614407766279982,0.00026121657712258604,0.0,0.0,0.0,0.0,2.4991386083135423e-07,2.4991386083135423e-07
390.0,GEO-2,1,3.0201722435284286,-0.5112332271373495,3.0193729357169876,-0.5113333176022111,3.0193729357169876,-0.5113333176022111,-0.0003871226524887916,8.316725476686937e-05,0.0,0.0,0.0,0.0,2.4991386083135423e-07,2.4991386083135423e-07
390.0,GEO-3,1,2.8677392926971694,-0.11434875795703255,2.8679002342905666,-0.11423527785350544,2.8679002342905666,-0.11423527785350544,-0.000155274477056766,0.00029323848541477486,0.0,0.0,0.0,0.0,2.4991386083135423e-07,2.4991386083135423e-07
390.0,GEO-1,2,2.2654347622289914,0.314474657306712,2.266031213257691,0.31550022047640913,2.266031213257691,0.31550022047640913,-0.0003341556752789465,0.00011778729071237892,0.0,0.0,0.0,0.0,2.4991386083135423e-07,2.4991386083135423e-07
390.0,GEO-2,2,2.99828446776883,-0.5172624446783759,2.9991180961076847,-0.5169994321223076,2.9991180961076847,-0.5169994321223076,-0.0006189684368758996,0.0001980862721338794,0.0,0.0,0.0,0.0,2.4991386083135423e-07,2.4991386083135423e-07
390.0,GEO-3,2,2.8482771619078173,-0.1200553132516713,2.847929788960389,-0.1211849968340515,2.847929788960389,-0.1211849968340515,-0.00046340486117983913,4.8249240381499636e-05,0.0,0.0,0.0,0.0,2.4991386083135423e-07,2.4991386083135423e-07
400.0,GEO-1,1,2.2796180837305746,0.32410885963395053,2.2788825852715258,0.32358031084678274,2.2788825852715258,0.32358031084678274,-0.0002476482409197622,-4.338664392576908e-05,0.0,0.0,0.0,0.0,2.4991386079238923e-07,2.4991386079238923e-07
400.0,GEO-2,1,3.01773159277644,-0.5098102488607169,3.0184143068397447,-0.5101738590394246,3.0184143068397447,-0.5101738590394246,-9.586288772429618e-05,0.00011594585627865417,0.0,0.0,0.0,0.0,2.4991386079238923e-07,2.4991386079238923e-07
400.0,GEO-3,1,2.865626280219844,-0.11275085761523417,2.8643839414529197,-0.11212451046245965,2.8643839414529197,-0.11212451046245965,-0.00035162928376468726,0.00021107673910457925,0.0,0.0,0.0,0.0,2.4991386079238923e-07,2.4991386079238923e-07
400.0,GEO-1,2,2.263096280719867,0.31469707001107244,2.262293030022561,0.3139312414071807,2.262293030022561,0.3139312414071807,-0.0003738183235129977,-0.00015689790692284268,0.0,0.0,0.0,0.0,2.4991386079238923e-07,2.4991386079238923e-07
400.0,GEO-2,2,2.994328143002059,-0.5161514731282344,2.994101871590669,-0.5156782952821044,2.994101871590669,-0.5156782952821044,-0.0005016224517015555,0.00013211368402031852,0.0,0.0,0.0,0.0,2.4991386079238923e-07,2.4991386079238923e-07
400.0,GEO-3,2,2.8448735912092538,-0.11887195756588503,2.842460407707186,-0.11999341155279439,2.842460407707186,-0.11999341155279439,-0.0005469381253202954,0.00011915852812571098,0.0,0.0,0.0,0.0,2.4991386079238923e-07,2.4991386079238923e-07
410.0,GEO-1,1,2.27817512352596,0.32501450582257063,2.278350712675234,0.32465034482317057,2.278350712675234,0.32465034482317057,-5.31872596291727e-05,0.00010700339763878298,0.0,0.0,0.0,0.0,2.499138607641639e-07,2.499138607641639e-07
410.0,GEO-2,1,3.0152967918177334,-0.5083637012731023,3.014432247302498,-0.5089051541571724,3.014432247302498,-0.5089051541571724,-0.000398205953724684,0.00012687048822521697,0.0,0.0,0.0,0.0,2.499138607641639e-07,2.499138607641639e-07
410.0,GEO-3,1,2.8635278640895656,-0.11115532556741078,2.8649131181043472,-0.11161105383771236,2.8649131181043472,-0.11161105383771236,5.291766514274876e-05,5.1345662474729103e-05,0.0,0.0,0.0,0.0,2.499138607641639e-07,2.499138607641639e-07
410.0,GEO-1,2,2.2608386392850046,0.31489598641518857,2.2615513042485023,0.31568785549728406,2.2615513042485023,0.31568785549728406,-7.417257740587324e-05,0.00017566140901033588,0.0,0.0,0.0,0.0,2.499138607641639e-07,2.499138607641639e-07
410.0,GEO-2,2,2.9903916876796885,-0.5149948088129053,2.9899414666633093,-0.5145513697455468,2.9899414666633093,-0.5145513697455468,-0.00041604049273598066,0.0001126925536557577,0.0,0.0,0.0,0.0,2.499138607641639e-07,2.499138607641639e-07
410.0,GEO-3,2,2.841503582587419,-0.11768400654319155,2.8410533449713538,-0.11829442405221477,2.8410533449713538,-0.11829442405221477,-0.0001407062735832465,0.00016989875005796184,0.0,0.0,0.0,0.0,2.499138607641639e-07,2.499138607641639e-07
420.0,GEO-1,1,2.2767773180433215,0.32589766541753484,2.2756513236824842,0.32677262166904586,2.2756513236824842,0.32677262166904586,-0.0002699388992749796,0.00021222768458752927,0.0,0.0,0.0,0.0,2.4991386074368335e-07,2.4991386074368335e-07
420.0,GEO-2,1,3.012869792361211,-0.506894338425288,3.0124716330212338,-0.5074464808318526,3.0124716330212338,-0.5074464808318526,-0.00019606142812640394,0.00014586733253197927,0.0,0.0,0.0,0.0,2.4991386074368335e-07,2.4991386074368335e-07
420.0,GEO-3,1,2.861445640634451,-0.10956300075486924,2.860318195715113,-0.10775415579201045,2.860318195715113,-0.10775415579201045,-0.00045949223892343126,0.0003856898045701912,0.0,0.0,0.0,0.0,2.4991386074368335e-07,2.4991386074368335e-07
420.0,GEO-1,2,2.258663090936592,0.31507202415798724,2.259404896548636,0.31493921968364863,2.259404896548636,0.31493921968364863,-0.00021464076998660707,-7.486358136354342e-05,0.0,0.0,0.0,0.0,2.4991386074368335e-07,2.4991386074368335e-07
420.0,GEO-2,2,2.9864791993325848,-0.5137933726235282,2.985784464960074,-0.5153231726192393,2.985784464960074,-0.5153231726192393,-0.0004157001703235075,-7.718028736924953e-05,0.0,0.0,0.0,0.0,2.4991386074368335e-07,2.4991386074368335e-07
420.0,GEO-3,2,2.8381703647366936,-0.1164922707636564,2.8384621784084865,-0.11620384895204708,2.8384621784084865,-0.11620384895204708,-0.0002591166562867286,0.0002090575100167691,0.0,0.0,0.0,0.0,2.4991386074368335e-07,2.4991386074368335e-07
430.0,GEO-1,1,2.275425416563181,0.3267582966572477,2.274017015877248,0.32791984701772886,2.274017015877248,0.32791984701772886,-0.00016343078052361015,0.00011472253486830009,0.0,0.0,0.0,0.0,2.4991386072894466e-07,2.4991386072894466e-07
430.0,GEO-2,1,3.0104525316986432,-0.5054029465232361,3.011228488066787,-0.5063650202666916,3.011228488066787,-0.5063650202666916,-0.00012431449544467733,0.00010814605651610076,0.0,0.0,0.0,0.0,2.4991386072894466e-07,2.4991386072894466e-07
430.0,GEO-3,1,2.8593811821902637,-0.10797471996186793,2.858825485650388,-0.10840204058840315,2.858825485650388,-0.10840204058840315,-0.0001492710064725067,-6.478847963927031e-05,0.0,0.0,0.0,0.0,2.4991386072894466e-07,2.4991386072894466e-07
430.0,GEO-1,2,2.2565707645768627,0.31522581457745474,2.2567314435374173,0.31508024515205885,2.2567314435374173,0.31508024515205885,-0.0002673453011218907,1.4102546841021634e-05,0.0,0.0,0.0,0.0,2.4991386072894466e-07,2.4991386072894466e-07
430.0,GEO-2,2,2.982594717350628,-0.5125481662320449,2.9809557782591427,-0.5110740687556045,2.9809557782591427,-0.5110740687556045,-0.0004828686700931506,0.0004249103863634862,0.0,0.0,0.0,0.0,2.4991386072894466e-07,2.4991386072894466e-07
430.0,GEO-3,2,2.834877088892765,-0.1152975660344815,2.835193399312578,-0.11403679266175952,2.835193399312578,-0.11403679266175952,-0.0003268779095908503,0.00021670562902875585,0.0,0.0,0.0,0.0,2.4991386072894466e-07,2.4991386072894466e-07
440.0,GEO-1,1,2.2741201185331215,0.3275963745500553,2.275374940879987,0.3273884737333925,2.275374940879987,0.3273884737333925,0.00013579250027389022,-5.313732843363339e-05,0.0,0.0,0.0,0.0,2.499138607181568e-07,2.499138607181568e-07
440.0,GEO-2,1,3.008046929797094,-0.5038903429541832,3.0083888919327353,-0.5031536783423194,3.0083888919327353,-0.5031536783423194,-0.0002839596134051714,0.0003211341924372224,0.0,0.0,0.0,0.0,2.499138607181568e-07,2.499138607181568e-07
440.0,GEO-3,1,2.8573360350320796,-0.10639131678405365,2.858105648460328,-0.10655523554415268,2.858105648460328,-0.10655523554415268,-7.198371900596356e-05,0.00018468050442504714,0.0,0.0,0.0,0.0,2.499138607181568e-07,2.499138607181568e-07
440.0,GEO-1,2,2.2545626663342895,0.3153580005697263,2.253944480862683,0.31539328713936254,2.253944480862683,0.31539328713936254,-0.0002786962674734106,3.1304198730369716e-05,0.0,0.0,0.0,0.0,2.499138607181568e-07,2.499138607181568e-07
440.0,GEO-2,2,2.978742214099236,-0.5112602693717122,2.9779406713320857,-0.5118162033496517,2.9779406713320857,-0.5118162033496517,-0.00030151069270569766,-7.421345940472612e-05,0.0,0.0,0.0,0.0,2.499138607181568e-07,2.499138607181568e-07
440.0,GEO-3,2,2.831626823143636,-0.11410071157215519,2.829596643802396,-0.11401706890092698,2.829596643802396,-0.11401706890092698,-0.0005596755510182128,1.9723760832535133e-06,0.0,0.0,0.0,0.0,2.499138607181568e-07,2.499138607181568e-07
450.0,GEO-1,1,2.272862073573243,0.3284118901705728,2.2718351822323775,0.32785605048199473,2.2718351822323775,0.32785605048199473,-0.0003539758647609581,4.6757674860220535e-05,0.0,0.0,0.0,0.0,2.499138607103941e-07,2.499138607103941e-07
450.0,GEO-2,1,3.0056548864449972,-0.5023573752329783,3.0056021861062305,-0.5020435401123419,3.0056021861062305,-0.5020435401123419,-0.0002786705826504754,0.00011101382299775198,0.0,0.0,0.0,0.0,2.499138607103941e-07,2.499138607103941e-07
450.0,GEO-3,1,2.855311717377911,-0.10481362061452008,2.8572008891868896,-0.10460922425111173,2.8572008891868896,-0.10460922425111173,-9.047592734385823e-05,0.00019460112930409502,0.0,0.0,0.0,0.0,2.499138607103941e-07,2.499138607103941e-07
450.0,GEO-1,2,2.252639681175384,0.3154692345081609,2.251226416223071,0.3155999810047533,2.251226416223071,0.3155999810047533,-0.0002718064639612106,2.066938653907391e-05,0.0,0.0,0.0,0.0,2.499138607103941e-07,2.499138607103941e-07
450.0,GEO-2,2,2.974925586372023,-0.509930836836326,2.974329860528678,-0.5095314513574316,2.974329860528678,-0.5095314513574316,-0.0003610810803407638,0.00022847519922201132,0.0,0.0,0.0,0.0,2.499138607103941e-07,2.499138607103941e-07
450.0,GEO-3,2,2.828422547097579,-0.11290252820565037,2.8277370193200926,-0.11361093499060367,2.8277370193200926,-0.11361093499060367,-0.0001859624482303257,4.061339103233197e-05,0.0,0.0,0.0,0.0,2.499138607103941e-07,2.499138607103941e-07
460.0,GEO-1,1,2.271651881567579,0.32920484994573423,2.271140617797261,0.32857728727192964,2.271140617797261,0.32857728727192964,-6.94564435116618e-05,7.212367899349092e-05,0.0,0.0,0.0,0.0,2.4991386070482667e-07,2.4991386070482667e-07
460.0,GEO-2,1,3.0032782784604946,-0.5008049198724738,3.0014534974683613,-0.5014731915734985,3.0014534974683613,-0.5014731915734985,-0.0004148688637869213,5.703485388434126e-05,0.0,0.0,0.0,0.0,2.4991386070482667e-07,2.4991386070482667e-07
460.0,GEO-3,1,2.8533097174690045,-0.10324245565083996,2.8532957063744258,-0.10204196689694765,2.8532957063744258,-0.10204196689694765,-0.0003905182812463881,0.00025672573541640764,0.0,0.0,0.0,0.0,2.4991386070482667e-07,2.4991386070482667e-07
460.0,GEO-1,2,2.2508025747711513,0.31556017622880744,2.2505093967529572,0.3151884338738901,2.2505093967529572,0.3151884338738901,-7.170194701138222e-05,-4.115471308631658e-05,0.0,0.0,0.0,0.0,2.4991386070482667e-07,2.4991386070482667e-07
460.0,GEO-2,2,2.9711486472181647,-0.5085610952181789,2.9717284856316226,-0.5080216927011858,2.9717284856316226,-0.5080216927011858,-0.0002601374897055475,0.00015097586562458077,0.0,0.0,0.0,0.0,2.4991386070482667e-07,2.4991386070482667e-07
460.0,GEO-3,2,2.8252671469241943,-0.11170383661024846,2.8268666722034212,-0.11111872505982659,2.8268666722034212,-0.11111872505982659,-8.703471166713329e-05,0.00024922099307770755,0.0,0.0,0.0,0.0,2.4991386070482667e-07,2.4991386070482667e-07
470.0,GEO-1,1,2.270490092837987,0.32997527493318596,2.2704706425517514,0.3313136039244616,2.2704706425517514,0.3313136039244616,-6.69975245509491e-05,0.0002736316652531934,0.0,0.0,0.0,0.0,2.499138607007264e-07,2.499138607007264e-07
470.0,GEO-2,1,3.0009189569703127,-0.49923388118213796,3.00244843889573,-0.49970925959285206,3.00244843889573,-0.49970925959285206,9.949414273688895e-05,0.00017639319806463937,0.0,0.0,0.0,0.0,2.499138607007264e-07,2.499138607007264e-07
470.0,GEO-3,1,2.851331491731147,-0.10167863992627041,2.8514896316116203,-0.10335928053264237,2.8514896316116203,-0.10335928053264237,-0.00018060747628054764,-0.00013173136356947195,0.0,0.0,0.0,0.0,2.499138607007264e-07,2.499138607007264e-07
470.0,GEO-1,2,2.2490519955970183,0.31563149108781646,2.248687868124399,0.3147477395280836,2.248687868124399,0.3147477395280836,-0.00018215286285583332,-4.406943458065138e-05,0.0,0.0,0.0,0.0,2.499138607007264e-07,2.499138607007264e-07
470.0,GEO-2,2,2.9674151181795696,-0.5071523394064733,2.9672010457136824,-0.507633973953136,2.9672010457136824,-0.507633973953136,-0.0004527439917940246,3.877187480497701e-05,0.0,0.0,0.0,0.0,2.499138607007264e-07,2.499138607007264e-07
470.0,GEO-3,2,2.8221634107818865,-0.11050545558108231,2.821997360917048,-0.11060849011209724,2.821997360917048,-0.11060849011209724,-0.00048693112863733566,5.102349477293516e-05,0.0,0.0,0.0,0.0,2.499138607007264e-07,2.499138607007264e-07
480.0,GEO-1,1,2.269377208396874,0.33072320009453926,2.2698706765129084,0.3309541385756489,2.2698706765129084,0.3309541385756489,-5.999660388429362e-05,-3.594653488126487e-05,0.0,0.0,0.0,0.0,2.4991386069776527e-07,2.4991386069776527e-07
480.0,GEO-2,1,2.9985787447670043,-0.4976451899993967,2.998016940446768,-0.4989343530268788,2.998016940446768,-0.4989343530268788,-0.0004431498448962401,7.749065659732879e-05,0.0,0.0,0.0,0.0,2.4991386069776527e-07,2.4991386069776527e-07
480.0,GEO-3,1,2.8493784630208974,-0.10012298436815961,2.8506133147867705,-0.09870568194771387,2.8506133147867705,-0.09870568194771387,-8.763168248497877e-05,0.0004653598584928503,0.0,0.0,0.0,0.0,2.4991386069776527e-07,2.4991386069776527e-07
480.0,GEO-1,2,2.2473884772450505,0.31568384809551076,2.2469340322615716,0.3162452624144272,2.2469340322615716,0.3162452624144272,-0.0001753835862827291,0.0001497522886343583,0.0,0.0,0.0,0.0,2.4991386069776527e-07,2.4991386069776527e-07
480.0,GEO-2,2,2.963728621969273,-0.5057059288693823,2.9622025170607937,-0.5072681438301666,2.9622025170607937,-0.5072681438301666,-0.0004998528652888634,3.658301229694239e-05,0.0,0.0,0.0,0.0,2.4991386069776527e-07,2.4991386069776527e-07
480.0,GEO-3,2,2.819114024642214,-0.10930820035493455,2.8188441401218003,-0.10783651865346133,2.8188441401218003,-0.10783651865346133,-0.0003153220795247602,0.0002771971458635905,0.0,0.0,0.0,0.0,2.4991386069776527e-07,2.4991386069776527e-07
490.0,GEO-1,1,2.2683136802749773,0.33144867356589414,2.267267128781713,0.33061454927305967,2.267267128781713,0.33061454927305967,-0.0002603547731195199,-3.3958930258926046e-05,0.0,0.0,0.0,0.0,2.499138606956377e-07,2.499138606956377e-07
490.0,GEO-2,1,2.996259433751954,-0.4960398023585167,2.997867028505785,-0.49793325027108865,2.997867028505785,-0.49793325027108865,-1.4991194098268324e-05,0.00010011027557901286,0.0,0.0,0.0,0.0,2.499138606956377e-07,2.499138606956377e-07
490.0,GEO-3,1,2.8474520189602543,-0.09857629188639866,2.8480982412072766,-0.09808847796910825,2.8480982412072766,-0.09808847796910825,-0.0002515073579493876,6.172039786056238e-05,0.0,0.0,0.0,0.0,2.499138606956377e-07,2.499138606956377e-07
490.0,GEO-1,2,2.2458124409273994,0.3157179181310177,2.245606170150796,0.31590654310144306,2.245606170150796,0.31590654310144306,-0.0001327862110775513,-3.3871931298412596e-05,0.0,0.0,0.0,0.0,2.499138606956377e-07,2.499138606956377e-07
490.0,GEO-2,2,2.9600926756185446,-0.5042232837441518,2.962714417265685,-0.5053501269447016,2.962714417265685,-0.5053501269447016,5.119002048914467e-05,0.00019180168854650016,0.0,0.0,0.0,0.0,2.499138606956377e-07,2.499138606956377e-07
490.0,GEO-3,2,2.816121568518689,-0.10811288098820931,2.8158076283224753,-0.10835100440020287,2.8158076283224753,-0.10835100440020287,-0.00030365117993249593,-5.144857467415387e-05,0.0,0.0,0.0,0.0,2.499138606956377e-07,2.499138606956377e-07
500.0,GEO-1,1,2.267299911920336,0.33215175592792806,2.2666102308254823,0.3308098730431694,2.2666102308254823,0.3308098730431694,-6.568979562309174e-05,1.9532377010972322e-05,0.0,0.0,0.0,0.0,2.499138606941676e-07,2.499138606941676e-07
500.0,GEO-2,1,2.99396278247104,-0.4944186981021182,2.995556082738132,-0.49419860302817625,2.995556082738132,-0.49419860302817625,-0.00023109457676531164,0.00037346472429123924,0.0,0.0,0.0,0.0,2.499138606941676e-07,2.499138606941676e-07
500.0,GEO-3,1,2.8455535103628185,-0.09703935649456165,2.8437955182252184,-0.09774216073794946,2.8437955182252184,-0.09774216073794946,-0.00043027229820582493,3.463172311587853e-05,0.0,0.0,0.0,0.0,2.499138606941676e-07,2.499138606941676e-07
500.0,GEO-1,2,2.244324198150197,0.31573437224057527,2.2447295988471905,0.31613779236965794,2.2447295988471905,0.31613779236965794,-8.765713036056333e-05,2.312492682148837e-05,0.0,0.0,0.0,0.0,2.499138606941676e-07,2.499138606941676e-07
500.0,GEO-2,2,2.956510684116147,-0.5027058807605771,2.9550703569954293,-0.5027973076282506,2.9550703569954293,-0.5027973076282506,-0.0007644060270255882,0.0002552819316451016,0.0,0.0,0.0,0.0,2.499138606941676e-07,2.499138606941676e-07
500.0,GEO-3,2,2.813188513104813,-0.10692030079831932,2.8134493948387806,-0.10652772894776208,2.8134493948387806,-0.10652772894776208,-0.00023582334836946828,0.00018232754524407925,0.0,0.0,0.0,0.0,2.499138606941676e-07,2.499138606941676e-07
510.0,GEO-1,1,2.2663362586644875,0.3328325194777204,2.2667308582590606,0.3310095052561237,2.2667308582590606,0.3310095052561237,1.2062743357832418e-05,1.99632212954326e-05,0.0,0.0,0.0,0.0,2.499138606929993e-07,2.499138606929993e-07
510.0,GEO-2,1,2.9916905137493175,-0.49278287944064036,2.993537496561165,-0.49257174583203045,2.993537496561165,-0.49257174583203045,-0.0002018586176967041,0.00016268571961458033,0.0,0.0,0.0,0.0,2.499138606929993e-07,2.499138606929993e-07
510.0,GEO-3,1,2.8436842497540873,-0.09551296246616661,2.845490239476306,-0.092649863477694,2.845490239476306,-0.092649863477694,0.00016947212510878273,0.0005092297260255466,0.0,0.0,0.0,0.0,2.499138606929993e-07,2.499138606929993e-07
510.0,GEO-1,2,2.2429239535375385,0.3157338800218829,2.2427633961673723,0.31450011732287225,2.2427633961673723,0.31450011732287225,-0.00019662026798181743,-0.00016376750467856916,0.0,0.0,0.0,0.0,2.499138606929993e-07,2.499138606929993e-07
510.0,GEO-2,2,2.9529859345590412,-0.5011552490238527,2.953850065092864,-0.5013360825821531,2.953850065092864,-0.5013360825821531,-0.00012202919025652292,0.00014612250460974697,0.0,0.0,0.0,0.0,2.499138606929993e-07,2.499138606929993e-07
510.0,GEO-3,2,2.8103172168233685,-0.10573125487501743,2.8098658070170304,-0.10676454126434069,2.8098658070170304,-0.10676454126434069,-0.0003583587821750278,-2.3681231657861346e-05,0.0,0.0,0.0,0.0,2.499138606929993e-07,2.499138606929993e-07
520.0,GEO-1,1,2.26542302825187,0.33349104750435987,2.2671108128199795,0.3330483730435262,2.2671108128199795,0.3330483730435262,3.799545609188826e-05,0.00020388677874024763,0.0,0.0,0.0,0.0,2.499138606921255e-07,2.499138606921255e-07
520.0,GEO-2,1,2.9894443124305417,-0.49113336946528613,2.9880447276511175,-0.49158094085228027,2.9880447276511175,-0.49158094085228027,-0.0005492768910047463,9.908049797501816e-05,0.0,0.0,0.0,0.0,2.499138606921255e-07,2.499138606921255e-07
520.0,GEO-3,1,2.8418455099880764,-0.0939978835282682,2.840688251146951,-0.09383997936253903,2.840688251146951,-0.09383997936253903,-0.00048019883293553,-0.0001190115884845036,0.0,0.0,0.0,0.0,2.499138606921255e-07,2.499138606921255e-07
520.0,GEO-1,2,2.241611807785725,0.31571710809614983,2.24119244321363,0.31465968387947263,2.24119244321363,0.31465968387947263,-0.00015709529537422107,1.5956655660037677e-05,0.0,0.0,0.0,0.0,2.499138606921255e-07,2.499138606921255e-07
520.0,GEO-2,2,2.949521590829613,-0.4995729656831891,2.9501233569885836,-0.5002163995956579,2.9501233569885836,-0.5002163995956579,-0.0003726708104280441,0.00011196829864952295,0.0,0.0,0.0,0.0,2.499138606921255e-07,2.499138606921255e-07
520.0,GEO-3,2,2.8075099232863425,-0.10454652866744948,2.8082336845214066,-0.10328554516358276,2.8082336845214066,-0.10328554516358276,-0.00016321224956237224,0.00034789961007579277,0.0,0.0,0.0,0.0,2.499138606921255e-07,2.499138606921255e-07
530.0,GEO-1,1,2.264560481428389,0.334127433570251,2.2641985286533695,0.33348091919769185,2.2641985286533695,0.33348091919769185,-0.0002912284166610046,4.3254615416565835e-05,0.0,0.0,0.0,0.0,2.499138606915963e-07,2.499138606915963e-07
530.0,GEO-2,1,2.987225823226774,-0.48947121062013776,2.9874251192927033,-0.4885797610788587,2.9874251192927033,-0.4885797610788587,-6.196083584142364e-05,0.00030011797734215694,0.0,0.0,0.0,0.0,2.499138606915963e-07,2.499138606915963e-07
530.0,GEO-3,1,2.840038522962017,-0.0924948820943639,2.8400357299006003,-0.09235492624424263,2.8400357299006003,-0.09235492624424263,-6.525212463506235e-05,0.00014850531182964005,0.0,0.0,0.0,0.0,2.499138606915963e-07,2.499138606915963e-07
530.0,GEO-1,2,2.240387760728563,0.31568471866883685,2.2403608699353184,0.31599593329032105,2.2403608699353184,0.31599593329032105,-8.315732783117368e-05,0.00013362494108484224,0.0,0.0,0.0,0.0,2.499138606915963e-07,2.499138606915963e-07
530.0,GEO-2,2,2.9461206888103395,-0.49796065151271895,2.946749431823197,-0.49866671443663046,2.946749431823197,-0.49866671443663046,-0.0003373925165386815,0.00015496851590274252,0.0,0.0,0.0,0.0,2.499138606915963e-07,2.499138606915963e-07
530.0,GEO-3,2,2.804768759162342,-0.1033668966519386,2.804286225326215,-0.10332330772424331,2.804286225326215,-0.10332330772424331,-0.0003947459195191794,-3.776256066054251e-06,0.0,0.0,0.0,0.0,2.499138606915963e-07,2.499138606915963e-07
540.0,GEO-1,1,2.2637488325850783,0.33474178079990574,2.263083100448237,0.3348779062499689,2.263083100448237,0.3348779062499689,-0.00011154282051326626,0.00013969870522770322,0.0,0.0,0.0,0.0,2.4991386069114333e-07,2.4991386069114333e-07
540.0,GEO-2,1,2.9850366486827027,-0.48779746313926103,2.9855727977981545,-0.48781918499718163,2.9855727977981545,-0.48781918499718163,-0.00018523214945487254,7.605760816770669e-05,0.0,0.0,0.0,0.0,2.4991386069114333e-07,2.4991386069114333e-07
540.0,GEO-3,1,2.8382644784304474,-0.09100470853836105,2.837660928759108,-0.09178191086315586,2.837660928759108,-0.09178191086315586,-0.00023748011414923554,5.730153810867694e-05,0.0,0.0,0.0,0.0,2.4991386069114333e-07,2.4991386069114333e-07
540.0,GEO-1,2,2.2392517144952566,0.31563736817946303,2.241002939932796,0.31651587401998466,2.241002939932796,0.31651587401998466,6.420699974776233e-05,5.199407296636038e-05,0.0,0.0,0.0,0.0,2.4991386069114333e-07,2.4991386069114333e-07
540.0,GEO-2,2,2.9427861321426647,-0.49631996643107384,2.9416662106463436,-0.49716099320308166,2.9416662106463436,-0.49716099320308166,-0.0005083221176853225,0.0001505721233548807,0.0,0.0,0.0,0.0,2.4991386069114333e-07,2.4991386069114333e-07
540.0,GEO-3,2,2.8020957324459532,-0.10219312108472507,2.8039695771562307,-0.10068182337919578,2.8039695771562307,-0.10068182337919578,-3.166481699841128e-05,0.00026414843450475316,0.0,0.0,0.0,0.0,2.4991386069114333e-07,2.4991386069114333e-07
550.0,GEO-1,1,2.2629882504527985,0.335334201177871,2.2631164267721213,0.33649205007768496,2.2631164267721213,0.33649205007768496,3.3326323884530494e-06,0.00016141438277160746,0.0,0.0,0.0,0.0,2.499138606909304e-07,2.499138606909304e-07
550.0,GEO-2,1,2.982878347258731,-0.486113203454705,2.9813913659607425,-0.48611189149958123,2.9813913659607425,-0.48611189149958123,-0.00041814318374120416,0.0001707293497600404,0.0,0.0,0.0,0.0,2.499138606909304e-07,2.499138606909304e-07
550.0,GEO-3,1,2.8365245229195826,-0.08952810051111255,2.837265332102272,-0.09138806786250055,2.837265332102272,-0.09138806786250055,-3.955966568360836e-05,3.93843000655314e-05,0.0,0.0,0.0,0.0,2.499138606909304e-07,2.499138606909304e-07
550.0,GEO-1,2,2.238203476743219,0.31557570604027796,2.2374204825131625,0.31635856088861636,2.2374204825131625,0.31635856088861636,-0.0003582457419633478,-1.5731313136829738e-05,0.0,0.0,0.0,0.0,2.499138606909304e-07,2.499138606909304e-07
550.0,GEO-2,2,2.939520688532853,-0.494652604985644,2.9406523184166407,-0.4952459124621955,2.9406523184166407,-0.4952459124621955,-0.00010138922297029396,0.00019150807408861438,0.0,0.0,0.0,0.0,2.499138606909304e-07,2.499138606909304e-07
550.0,GEO-3,2,2.799492731121286,-0.10102595084310464,2.7997825405602645,-0.09942523828889738,2.7997825405602645,-0.09942523828889738,-0.0004187036595966198,0.00012565850902983983,0.0,0.0,0.0,0.0,2.499138606909304e-07,2.499138606909304e-07
560.0,GEO-1,1,2.2622788588439438,0.3359048148573128,2.26189692575796,0.334571450803896,2.26189692575796,0.334571450803896,-0.00012195010141611285,-0.00019205992737889588,0.0,0.0,0.0,0.0,2.4991386069065014e-07,2.4991386069065014e-07
560.0,GEO-2,1,2.9807524315362395,-0.48441952258134685,2.98069102392995,-0.4848126802228558,2.98069102392995,-0.4848126802228558,-7.003420307927222e-05,0.00012992112767254427,0.0,0.0,0.0,0.0,2.4991386069065014e-07,2.4991386069065014e-07
560.0,GEO-3,1,2.8348197587424346,-0.08806578230078926,2.836120807018572,-0.08790566674085046,2.836120807018572,-0.08790566674085046,-0.00011445250836996656,0.0003482401121650089,0.0,0.0,0.0,0.0,2.4991386069065014e-07,2.4991386069065014e-07
560.0,GEO-1,2,2.237242763948984,0.315500373463083,2.236440669358322,0.3179009180324215,2.236440669358322,0.3179009180324215,-9.798131548404143e-05,0.00015423571438051288,0.0,0.0,0.0,0.0,2.4991386069065014e-07,2.4991386069065014e-07
560.0,GEO-2,2,2.9363269866037074,-0.4929602918269044,2.9358268696016703,-0.4924878460288745,2.9358268696016703,-0.4924878460288745,-0.0004825448814970379,0.00027580664333209937,0.0,0.0,0.0,0.0,2.4991386069065014e-07,2.4991386069065014e-07
560.0,GEO-3,2,2.796961522209876,-0.0998661203576295,2.797637753752875,-0.09908179827046544,2.797637753752875,-0.09908179827046544,-0.00021447868073893873,3.43440018431937e-05,0.0,0.0,0.0,0.0,2.4991386069065014e-07,2.4991386069065014e-07
570.0,GEO-1,1,2.26162073743717,0.3364537494806422,2.2617936533350123,0.33704042331945694,2.2617936533350123,0.33704042331945694,-1.0327242294794203e-05,0.0002468972515560941,0.0,0.0,0.0,0.0,2.499138606904458e-07,2.499138606904458e-07
570.0,GEO-2,1,2.9786603665478326,-0.48271752448455313,2.9785924644183206,-0.4841367064603122,2.9785924644183206,-0.4841367064603122,-0.00020985595116291834,6.759737625435802e-05,0.0,0.0,0.0,0.0,2.499138606904458e-07,2.499138606904458e-07
570.0,GEO-3,1,2.8331512431147274,-0.08661846423811577,2.832931432495471,-0.08681687629871897,2.832931432495471,-0.08681687629871897,-0.0003189374523101307,0.00010887904421314904,0.0,0.0,0.0,0.0,2.499138606904458e-07,2.499138606904458e-07
570.0,GEO-1,2,2.2363692047413184,0.315412002373007,2.236191484484134,0.3155480941067564,2.236191484484134,0.3155480941067564,-2.491848741881242e-05,-0.0002352823925665104,0.0,0.0,0.0,0.0,2.499138606904458e-07,2.499138606904458e-07
570.0,GEO-2,2,2.933207513287366,-0.4912447771973635,2.9325828104027796,-0.48992151970971687,2.9325828104027796,-0.48992151970971687,-0.0003244059198890703,0.00025663263191576523,0.0,0.0,0.0,0.0,2.499138606904458e-07,2.499138606904458e-07
570.0,GEO-3,2,2.7945037511912614,-0.09871434863727714,2.796070466091201,-0.1009147102536146,2.796070466091201,-0.1009147102536146,-0.00015672876616741328,-0.00018329119831491658,0.0,0.0,0.0,0.0,2.499138606904458e-07,2.499138606904458e-07
580.0,GEO-1,1,2.2610139226012125,0.33698113951344244,2.261023248624123,0.3362705449814999,2.261023248624123,0.3362705449814999,-7.704047108894052e-05,-7.698783379570529e-05,0.0,0.0,0.0,0.0,2.4991386069037073e-07,2.4991386069037073e-07
580.0,GEO-2,1,2.976603568234747,-0.48100832443659103,2.9739973243680913,-0.48059818853493985,2.9739973243680913,-0.48059818853493985,-0.00045951400502293184,0.0003538517925372353,0.0,0.0,0.0,0.0,2.4991386069037073e-07,2.4991386069037073e-07
580.0,GEO-3,1,2.8315199873712715,-0.08518684214725801,2.8309011877602033,-0.08556257674383676,2.8309011877602033,-0.08556257674383676,-0.00020302447352675833,0.000125429955488221,0.0,0.0,0.0,0.0,2.4991386069037073e-07,2.4991386069037073e-07
580.0,GEO-1,2,2.235582343261564,0.3153112144076252,2.234930765309227,0.3163982199029799,2.234930765309227,0.3163982199029799,-0.0001260719174906999,8.50125796223511e-05,0.0,0.0,0.0,0.0,2.4991386069037073e-07,2.4991386069037073e-07
580.0,GEO-2,2,2.930164611750915,-0.48950783245866386,2.931403909841657,-0.4892310370774808,2.931403909841657,-0.4892310370774808,-0.00011789005611224645,6.90482632236089e-05,0.0,0.0,0.0,0.0,2.4991386069037073e-07,2.4991386069037073e-07
580.0,GEO-3,2,2.792120941782864,-0.09757133838875251,2.7928140506584365,-0.0976837666925284,2.7928140506584365,-0.0976837666925284,-0.0003256415432764559,0.0003230943561086205,0.0,0.0,0.0,0.0,2.4991386069037073e-07,2.4991386069037073e-07
590.0,GEO-1,1,2.260458408253944,0.33748712559282135,2.260598567493781,0.33674536296704083,2.260598567493781,0.33674536296704083,-4.246811303416642e-05,4.748179855409429e-05,0.0,0.0,0.0,0.0,2.4991386069029153e-07,2.4991386069029153e-07
590.0,GEO-2,1,2.9745834020330006,-0.4792930473676664,2.9746179448350922,-0.48000671786188365,2.9746179448350922,-0.48000671786188365,6.206204670009541e-05,5.914706730562047e-05,0.0,0.0,0.0,0.0,2.4991386069029153e-07,2.4991386069029153e-07
590.0,GEO-3,1,2.8299269562820766,-0.08377159684291566,2.83029998252175,-0.08294426563810062,2.83029998252175,-0.08294426563810062,-6.0120523845341725e-05,0.00026183111057361403,0.0,0.0,0.0,0.0,2.4991386069029153e-07,2.4991386069029153e-07
590.0,GEO-1,2,2.2348816425372204,0.31519861999943266,2.2351926852966812,0.3163827491002218,2.2351926852966812,0.3163827491002218,2.6191998745428435e-05,-1.5470802758099643e-06,0.0,0.0,0.0,0.0,2.4991386069029153e-07,2.4991386069029153e-07
590.0,GEO-2,2,2.927200479843362,-0.48775124567915157,2.929890725118504,-0.48985780686638486,2.929890725118504,-0.48985780686638486,-0.00015131847231533157,-6.267697889040802e-05,0.0,0.0,0.0,0.0,2.4991386069029153e-07,2.4991386069029153e-07
590.0,GEO-3,2,2.7898144960643307,-0.09643777523038592,2.789828180083653,-0.09700645577102558,2.789828180083653,-0.09700645577102558,-0.0002985870574783611,6.773109215028189e-05,0.0,0.0,0.0,0.0,2.4991386069029153e-07,2.4991386069029153e-07
600.0,GEO-1,1,2.2599541467529027,0.3379718538911936,2.2594974512720754,0.3366136787904392,2.2594974512720754,0.3366136787904392,-0.00011011162217058334,-1.31684176601643e-05,0.0,0.0,0.0,0.0,2.4991386069016527e-07,2.4991386069016527e-07
600.0,GEO-2,1,2.9726011815892432,-0.47757282621736236,2.9726537168299245,-0.47783109892700454,2.9726537168299245,-0.47783109892700454,-0.0001964228005167712,0.0002175618934879109,0.0,0.0,0.0,0.0,2.4991386069016527e-07,2.4991386069016527e-07
600.0,GEO-3,1,2.828373067467116,-0.08237339367394252,2.8277402967773297,-0.082627716299578,2.8277402967773297,-0.082627716299578,-0.0002559685744420115,3.1654933852261205e-05,0.0,0.0,0.0,0.0,2.4991386069016527e-07,2.4991386069016527e-07
600.0,GEO-1,2,2.234266487855741,0.31507481753935784,2.233673744093362,0.31273189561132997,2.233673744093362,0.31273189561132997,-0.00015189412033191906,-0.00036508534888918254,0.0,0.0,0.0,0.0,2.4991386069016527e-07,2.4991386069016527e-07
600.0,GEO-2,2,2.9243171690495386,-0.4859768173028796,2.9253945780160797,-0.48628028996787415,2.9253945780160797,-0.48628028996787415,-0.0004496147102424075,0.0003577516898510713,0.0,0.0,0.0,0.0,2.4991386069016527e-07,2.4991386069016527e-07
600.0,GEO-3,2,2.787585694930223,-0.09531432700041673,2.7866360575829963,-0.09500791491858226,2.7866360575829963,-0.09500791491858226,-0.00031921225006565913,0.00019985408524433174,0.0,0.0,0.0,0.0,2.4991386069016527e-07,2.4991386069016527e-07
