time_s,satellite,target_id,meas_az_rad,meas_el_rad,true_az_rad,true_el_rad,meas_sigma_rad,sat_x_km,sat_y_km,sat_z_km
0.0,GEO-1,1,2.3606839155453057,0.27197096847671276,2.3604027048755083,0.2725247913131368,0.0008660254037844387,29462.200876987186,-28481.320264708153,-10802.221968797894
0.0,GEO-2,1,3.101241721327788,-0.5445299024997835,3.100264153876662,-0.5442193459531243,0.0008660254037844387,37611.52508045379,-5394.229481126549,18766.202424234383
0.0,GEO-3,1,2.943720608265769,-0.17107660921501391,2.9440494321698267,-0.17028446245965503,0.0008660254037844387,40546.10500375705,-11190.18001510833,5166.054999104973
0.0,GEO-1,2,2.394186682768737,0.2843390542025345,2.3937317246974965,0.28443825225425196,0.0008660254037844387,29462.200876987186,-28481.320264708153,-10802.221968797894
0.0,GEO-2,2,3.1272630936617474,-0.5251178860516921,3.126717804947783,-0.5245107003518215,0.0008660254037844387,37611.52508045379,-5394.229481126549,18766.202424234383
0.0,GEO-3,2,2.97097357974297,-0.15692316878693352,2.9708467518958583,-0.15603089474350373,0.0008660254037844387,40546.10500375705,-11190.18001510833,5166.054999104973
10.0,GEO-1,1,2.359076239854295,0.2742377747962656,2.358234774881925,0.27404973970928487,0.0008660254037844387,29462.200876987186,-28481.320264708153,-10802.221968797894
10.0,GEO-2,1,3.09928859494676,-0.5435258076354377,3.098958023938625,-0.5439363115484079,0.0008660254037844387,37611.52508045379,-5394.229481126549,18766.202424234383
10.0,GEO-3,1,2.9416003039421503,-0.16838091089454538,2.9426110614423036,-0.16916409189068943,0.0008660254037844387,40546.10500375705,-11190.18001510833,5166.054999104973
10.0,GEO-1,2,2.3923936431091697,0.28405121828988006,2.390336940290827,0.2856896607931156,0.0008660254037844387,29462.200876987186,-28481.320264708153,-10802.221968797894
10.0,GEO-2,2,3.1230777697432335,-0.5265453054722251,3.124807181210388,-0.5250404740583607,0.0008660254037844387,37611.52508045379,-5394.229481126549,18766.202424234383
10.0,GEO-3,2,2.9695385074071994,-0.15531622943446735,2.968697048513745,-0.15544494509194143,0.0008660254037844387,40546.10500375705,-11190.18001510833,5166.054999104973
20.0,GEO-1,1,2.357131346230611,0.2762939739702188,2.3560530037898717,0.2755715430979113,0.0008660254037844387,29462.200876987186,-28481.320264708153,-10802.221968797894
20.0,GEO-2,1,3.097809447926406,-0.5433421042115861,3.0975988761140307,-0.5436261423568366,0.0008660254037844387,37611.52508045379,-5394.229481126549,18766.202424234383
20.0,GEO-3,1,2.9409606536378488,-0.16715287032352383,2.941130414135572,-0.16802133053473534,0.0008660254037844387,40546.10500375705,-11190.18001510833,5166.054999104973
20.0,GEO-1,2,2.385774355274783,0.2865015675962426,2.386904071236564,0.2869234264224209,0.0008660254037844387,29462.200876987186,-28481.320264708153,-10802.221968797894
20.0,GEO-2,2,3.1230435143408357,-0.5237448190636371,3.1228005754877373,-0.5255462399220865,0.0008660254037844387,37611.52508045379,-5394.229481126549,18766.202424234383
20.0,GEO-3,2,2.9657031336193462,-0.15591916960400626,2.9664675977350665,-0.15484010914486934,0.0008660254037844387,40546.10500375705,-11190.18001510833,5166.054999104973
30.0,GEO-1,1,2.353295780107555,0.27805861394851367,2.353859067306059,0.2770893417473755,0.0008660254037844387,29462.200876987186,-28481.320264708153,-10802.221968797894
30.0,GEO-2,1,3.095952330858722,-0.5419641102750276,3.0961873363656136,-0.5432884572942646,0.0008660254037844387,37611.52508045379,-5394.229481126549,18766.202424234383
30.0,GEO-3,1,2.937735809940684,-0.16572795732566833,2.93960833945829,-0.16685648046756882,0.0008660254037844387,40546.10500375705,-11190.18001510833,5166.054999104973
30.0,GEO-1,2,2.3844713186463653,0.28671985634858477,2.383436452406436,0.2881385220383863,0.0008660254037844387,29462.200876987186,-28481.320264708153,-10802.221968797894
30.0,GEO-2,2,3.1208522107874495,-0.5248109462328907,3.120698628900913,-0.5260267038680853,0.0008660254037844387,37611.52508045379,-5394.229481126549,18766.202424234383
30.0,GEO-3,2,2.9642475528023287,-0.15321655893992026,2.964159633760019,-0.15421626036207203,0.0008660254037844387,40546.10500375705,-11190.18001510833,5166.054999104973
40.0,GEO-1,1,2.354029547663629,0.2788762186120309,2.3516546607503113,0.2786022863574385,0.0008660254037844387,29462.200876987186,-28481.320264708153,-10802.221968797894
40.0,GEO-2,1,3.0944437049810865,-0.5436939393917326,3.0947240872950297,-0.5429228872319132,0.0008660254037844387,37611.52508045379,-5394.229481126549,18766.202424234383
40.0,GEO-3,1,2.938693798822417,-0.16586659296257053,2.9380457342208723,-0.1656698628962128,0.0008660254037844387,40546.10500375705,-11190.18001510833,5166.054999104973
40.0,GEO-1,2,2.3797587472858774,0.2892286940096978,2.379937493656671,0.28933395378811283,0.0008660254037844387,29462.200876987186,-28481.320264708153,-10802.221968797894
40.0,GEO-2,2,3.119151985653877,-0.5275469079363009,3.1185021160012916,-0.526480568324136,0.0008660254037844387,37611.52508045379,-5394.229481126549,18766.202424234383
40.0,GEO-3,2,2.9602446352087455,-0.15600716717394103,2.9617745116994163,-0.15357329047679208,0.0008660254037844387,40546.10500375705,-11190.18001510833,5166.054999104973
50.0,GEO-1,1,2.3506401675744732,0.2801833325439076,2.3494414966750834,0.28010953918432435,0.0008660254037844387,29462.200876987186,-28481.320264708153,-10802.221968797894
50.0,GEO-2,1,3.0947199877775042,-0.5425380324548512,3.0932098683643816,-0.5425290761567407,0.0008660254037844387,37611.52508045379,-5394.229481126549,18766.202424234383
50.0,GEO-3,1,2.9357013869506035,-0.16398388913922973,2.936443542405802,-0.16446181843802937,0.0008660254037844387,40546.10500375705,-11190.18001510833,5166.054999104973
50.0,GEO-1,2,2.376334084751111,0.2892545769767174,2.376410673164048,0.29050876363869105,0.0008660254037844387,29462.200876987186,-28481.320264708153,-10802.221968797894
50.0,GEO-2,2,3.1153268809706263,-0.5251397558226729,3.116211947552077,-0.5269065351401574,0.0008660254037844387,37611.52508045379,-5394.229481126549,18766.202424234383
50.0,GEO-3,2,2.9596680587427207,-0.1524947241666574,2.9593137081473975,-0.15291111070168759,0.0008660254037844387,40546.10500375705,-11190.18001510833,5166.054999104973
60.0,GEO-1,1,2.3469447507174968,0.28092055557573575,2.347221302435818,0.2816102751395018,0.0008660254037844387,29462.200876987186,-28481.320264708153,-10802.221968797894
60.0,GEO-2,1,3.09253713183315,-0.5422113087993496,3.091645476017579,-0.542106682346676,0.0008660254037844387,37611.52508045379,-5394.229481126549,18766.202424234383
60.0,GEO-3,1,2.93404364653,-0.16336683588214085,2.9348027546417477,-0.16323270736279127,0.0008660254037844387,40546.10500375705,-11190.18001510833,5166.054999104973
60.0,GEO-1,2,2.37195392443427,0.2918520776767502,2.3728595304509925,0.29166203183815914,0.0008660254037844387,29462.200876987186,-28481.320264708153,-10802.221968797894
60.0,GEO-2,2,3.114958400673409,-0.5281393938244623,3.1138291730433396,-0.527303308658319,0.0008660254037844387,37611.52508045379,-5394.229481126549,18766.202424234383
60.0,GEO-3,2,2.958207365438155,-0.15289727286482663,2.9567788214329846,-0.1522296529161652,0.0008660254037844387,40546.10500375705,-11190.18001510833,5166.054999104973
70.0,GEO-1,1,2.3451492298817445,0.2822672963328407,2.344995817719021,0.28310368285814486,0.0008660254037844387,29462.200876987186,-28481.320264708153,-10802.221968797894
70.0,GEO-2,1,3.0898095285307443,-0.5416079751451315,3.090031763697099,-0.5416553795576255,0.0008660254037844387,37611.52508045379,-5394.229481126549,18766.202424234383
70.0,GEO-3,1,2.9326897226336706,-0.1626857976911789,2.9331244075798444,-0.16198290979560642,0.0008660254037844387,40546.10500375705,-11190.18001510833,5166.054999104973
70.0,GEO-1,2,2.36860977293763,0.2919717193034344,2.3692876591282936,0.2927928792526852,0.0008660254037844387,29462.200876987186,-28481.320264708153,-10802.221968797894
70.0,GEO-2,2,3.109784902920049,-0.5279325685389276,3.111354982912973,-0.5276695989278501,0.0008660254037844387,37611.52508045379,-5394.229481126549,18766.202424234383
70.0,GEO-3,2,2.95457272974351,-0.150620468902994,2.9541715715339,-0.15152887082808672,0.0008660254037844387,40546.10500375705,-11190.18001510833,5166.054999104973
80.0,GEO-1,1,2.3434138947637204,0.2870463022557093,2.342766792035174,0.28458896573336684,0.0008660254037844387,29462.200876987186,-28481.320264708153,-10802.221968797894
80.0,GEO-2,1,3.0886883233870255,-0.5416311921128822,3.0883696417519473,-0.5411748582189502,0.0008660254037844387,37611.52508045379,-5394.229481126549,18766.202424234383
80.0,GEO-3,1,2.933281217807871,-0.16176004397225194,2.9314095831708546,-0.16071282587865784,0.0008660254037844387,40546.10500375705,-11190.18001510833,5166.054999104973
80.0,GEO-1,2,2.3666671769959797,0.29294532479535995,2.3656986993864577,0.29390046956508464,0.0008660254037844387,29462.200876987186,-28481.320264708153,-10802.221968797894
80.0,GEO-2,2,3.109144822103693,-0.5299725218094062,3.1087907104460917,-0.5280041250571683,0.0008660254037844387,37611.52508045379,-5394.229481126549,18766.202424234383
80.0,GEO-3,2,2.9523930733449033,-0.15096698871787498,2.9514937996372526,-0.15080874110260342,0.0008660254037844387,40546.10500375705,-11190.18001510833,5166.054999104973
90.0,GEO-1,1,2.339568300712071,0.28774376195125023,2.3405359821837957,0.28606534291248803,0.0008660254037844387,29462.200876987186,-28481.320264708153,-10802.221968797894
90.0,GEO-2,1,3.087425431916652,-0.5406190187981217,3.0866600772328856,-0.5406648266339011,0.0008660254037844387,37611.52508045379,-5394.229481126549,18766.202424234383
90.0,GEO-3,1,2.928913964453464,-0.1594662384799959,2.9296594078422538,-0.15942287588983414,0.0008660254037844387,40546.10500375705,-11190.18001510833,5166.054999104973
90.0,GEO-1,2,2.361932401505953,0.29570878781422216,2.362096330268908,0.2949840113206811,0.0008660254037844387,29462.200876987186,-28481.320264708153,-10802.221968797894
90.0,GEO-2,2,3.106935908506813,-0.52897337507424,3.1061378333256533,-0.5283056186944772,0.0008660254037844387,37611.52508045379,-5394.229481126549,18766.202424234383
90.0,GEO-3,2,2.948198096772342,-0.1506013297784555,2.9487474673330984,-0.1500692644506769,0.0008660254037844387,40546.10500375705,-11190.18001510833,5166.054999104973
100.0,GEO-1,1,2.3369558324518613,0.2869404753688851,2.3383051496981193,0.2875320502517763,0.0008660254037844387,29462.200876987186,-28481.320264708153,-10802.221968797894
100.0,GEO-2,1,3.0848116855061076,-0.5394340602366907,3.0849040935713137,-0.5401250121812964,0.0008660254037844387,37611.52508045379,-5394.229481126549,18766.202424234383
100.0,GEO-3,1,2.9291954310640356,-0.15892184619400543,2.9278750515746688,-0.15811350031644608,0.0008660254037844387,40546.10500375705,-11190.18001510833,5166.054999104973
100.0,GEO-1,2,2.359035238294054,0.295598302981861,2.358484261762172,0.2960427598075666,0.0008660254037844387,29462.200876987186,-28481.320264708153,-10802.221968797894
100.0,GEO-2,2,3.105473162583998,-0.5286215511711151,3.103397974807683,-0.5285728276264895,0.0008660254037844387,37611.52508045379,-5394.229481126549,18766.202424234383
100.0,GEO-3,2,2.946436782398877,-0.15024662882284642,2.9459346554284687,-0.14931046666970857,0.0008660254037844387,40546.10500375705,-11190.18001510833,5166.054999104973
110.0,GEO-1,1,2.335265368812689,0.2891900365271879,2.3360760582769884,0.2889883412263172,0.0008660254037844387,29462.200876987186,-28481.320264708153,-10802.221968797894
110.0,GEO-2,1,3.0827187156880282,-0.5392018739219608,3.0831027701385243,-0.5395551625145314,0.0008660254037844387,37611.52508045379,-5394.229481126549,18766.202424234383
110.0,GEO-3,1,2.9244959027582023,-0.1561231549122217,2.9260577268774877,-0.15678515988237066,0.0008660254037844387,40546.10500375705,-11190.18001510833,5166.054999104973
110.0,GEO-1,2,2.3539667463820573,0.29879844215587714,2.354866226739837,0.29707601875951084,0.0008660254037844387,29462.200876987186,-28481.320264708153,-10802.221968797894
110.0,GEO-2,2,3.10028443725325,-0.5277072544465411,3.1005729044953174,-0.528804519483427,0.0008660254037844387,37611.52508045379,-5394.229481126549,18766.202424234383
110.0,GEO-3,2,2.9416625790483977,-0.14810345338411457,2.9430575623712603,-0.14853239962862946,0.0008660254037844387,40546.10500375705,-11190.18001510833,5166.054999104973
120.0,GEO-1,1,2.3329624415608254,0.2899465987232071,2.33385047121162,0.290433487791893,0.0008660254037844387,29462.200876987186,-28481.320264708153,-10802.221968797894
120.0,GEO-2,1,3.081281838064632,-0.5392721217207752,3.0812572416824406,-0.5389550467538406,0.0008660254037844387,37611.52508045379,-5394.229481126549,18766.202424234383
120.0,GEO-3,1,2.924472943288987,-0.15469068009831188,2.9242086876638407,-0.1554383355271181,0.0008660254037844387,40546.10500375705,-11190.18001510833,5166.054999104973
120.0,GEO-1,2,2.351898754937455,0.29799566038819464,2.351245972798365,0.29808314187108814,0.0008660254037844387,29462.200876987186,-28481.320264708153,-10802.221968797894
120.0,GEO-2,2,3.0963011081770335,-0.5298041316434343,3.097664538687018,-0.5289994855369256,0.0008660254037844387,37611.52508045379,-5394.229481126549,18766.202424234383
120.0,GEO-3,2,2.9399227460668915,-0.14985696816240293,2.9401185022753693,-0.14773514218980097,0.0008660254037844387,40546.10500375705,-11190.18001510833,5166.054999104973
130.0,GEO-1,1,2.332382229404155,0.29162714300367565,2.3316301488149342,0.2918667811960046,0.0008660254037844387,29462.200876987186,-28481.320264708153,-10802.221968797894
130.0,GEO-2,1,3.0791173783407495,-0.5373760804569261,3.079368697639356,-0.5383244566675631,0.0008660254037844387,37611.52508045379,-5394.229481126549,18766.202424234383
130.0,GEO-3,1,2.922997138531842,-0.1538525273691721,2.922329228025593,-0.1540735283354946,0.0008660254037844387,40546.10500375705,-11190.18001510833,5166.054999104973
130.0,GEO-1,2,2.3466259204366233,0.29937395569230996,2.347627254023857,0.2990635341160236,0.0008660254037844387,29462.200876987186,-28481.320264708153,-10802.221968797894
130.0,GEO-2,2,3.095021117814314,-0.530041317909767,3.094674940275757,-0.5291565445759997,0.0008660254037844387,37611.52508045379,-5394.229481126549,18766.202424234383
130.0,GEO-3,2,2.9381632143857863,-0.14641091387793992,2.937119902540591,-0.1469188010601465,0.0008660254037844387,40546.10500375705,-11190.18001510833,5166.054999104973
140.0,GEO-1,1,2.3274472214946162,0.29340948218510393,2.329416845861133,0.2932875327354337,0.0008660254037844387,29462.200876987186,-28481.320264708153,-10802.221968797894
140.0,GEO-2,1,3.0761736833246616,-0.536526892689762,3.0774383813186352,-0.5376632078380188,0.0008660254037844387,37611.52508045379,-5394.229481126549,18766.202424234383
140.0,GEO-3,1,2.9212277088669456,-0.15379485016678185,2.9204206809094027,-0.15269125941671852,0.0008660254037844387,40546.10500375705,-11190.18001510833,5166.054999104973
140.0,GEO-1,2,2.343128950029812,0.3001185061460285,2.3440138227294596,0.3000166528612845,0.0008660254037844387,29462.200876987186,-28481.320264708153,-10802.221968797894
140.0,GEO-2,2,3.0913675073595526,-0.527749343764582,3.0916063181777114,-0.5292745468447554,0.0008660254037844387,37611.52508045379,-5394.229481126549,18766.202424234383
140.0,GEO-3,2,2.9348052748803353,-0.14636593881136242,2.934064301063156,-0.14608351156409075,0.0008660254037844387,40546.10500375705,-11190.18001510833,5166.054999104973
150.0,GEO-1,1,2.3277897049768157,0.2926627951515119,2.327212309043139,0.2946950744580253,0.0008660254037844387,29462.200876987186,-28481.320264708153,-10802.221968797894
150.0,GEO-2,1,3.075777453646244,-0.5361047337484808,3.0754675889588277,-0.5369711408074826,0.0008660254037844387,37611.52508045379,-5394.229481126549,18766.202424234383
150.0,GEO-3,1,2.9183054641842476,-0.1520022839233617,2.918484416695324,-0.15129206973205414,0.0008660254037844387,40546.10500375705,-11190.18001510833,5166.054999104973
150.0,GEO-1,2,2.340975254656772,0.3029006234986596,2.340409421203398,0.3009420087710441,0.0008660254037844387,29462.200876987186,-28481.320264708153,-10802.221968797894
150.0,GEO-2,2,3.088665895205259,-0.5304730556873161,3.088461026271072,-0.5293523780241509,0.0008660254037844387,37611.52508045379,-5394.229481126549,18766.202424234383
150.0,GEO-3,2,2.932400147823153,-0.1471079858114986,2.930954343035234,-0.14522943833111024,0.0008660254037844387,40546.10500375705,-11190.18001510833,5166.054999104973
160.0,GEO-1,1,2.3255214793107584,0.29550680515750294,2.3250182744554264,0.2960887598066635,0.0008660254037844387,29462.200876987186,-28481.320264708153,-10802.221968797894
160.0,GEO-2,1,3.074388267085227,-0.5370975965674547,3.073457668654138,-0.5362481221996316,0.0008660254037844387,37611.52508045379,-5394.229481126549,18766.202424234383
160.0,GEO-3,1,2.9178456894857403,-0.14957624677981912,2.916521841679888,-0.1498765198702396,0.0008660254037844387,40546.10500375705,-11190.18001510833,5166.054999104973
160.0,GEO-1,2,2.3350909328760805,0.2998653534680934,2.33681777350752,0.30183916649629816,0.0008660254037844387,29462.200876987186,-28481.320264708153,-10802.221968797894
160.0,GEO-2,2,3.0849254663152594,-0.5280947516103838,3.0852415618279245,-0.5293889632387945,0.0008660254037844387,37611.52508045379,-5394.229481126549,18766.202424234383
160.0,GEO-3,2,2.9279198073695865,-0.14428965518851372,2.927792777334343,-0.14435677589101753,0.0008660254037844387,40546.10500375705,-11190.18001510833,5166.054999104973
170.0,GEO-1,1,2.322600561275947,0.29820586437364405,2.3228364651096145,0.297467964203716,0.0008660254037844387,29462.200876987186,-28481.320264708153,-10802.221968797894
170.0,GEO-2,1,3.071787345947434,-0.5352136999381258,3.071410019150739,-0.5354940458117681,0.0008660254037844387,37611.52508045379,-5394.229481126549,18766.202424234383
170.0,GEO-3,1,2.913549673524669,-0.14725733646185987,2.9145343964660273,-0.14844518977021684,0.0008660254037844387,40546.10500375705,-11190.18001510833,5166.054999104973
170.0,GEO-1,2,2.334605657778488,0.3014063916273772,2.333242577365762,0.3027077451476022,0.0008660254037844387,29462.200876987186,-28481.320264708153,-10802.221968797894
170.0,GEO-2,2,3.0842520585576825,-0.5286607644787913,3.0819505634248374,-0.5293832710685449,0.0008660254037844387,37611.52508045379,-5394.229481126549,18766.202424234383
170.0,GEO-3,2,2.924094446509934,-0.14537010507664502,2.924582452506316,-0.1434657491705015,0.0008660254037844387,40546.10500375705,-11190.18001510833,5166.054999104973
180.0,GEO-1,1,2.3213254349080503,0.29938959694793454,2.3206685884900202,0.2988320855745352,0.0008660254037844387,29462.200876987186,-28481.320264708153,-10802.221968797894
180.0,GEO-2,1,3.068730456688631,-0.536499386940045,3.069326088512961,-0.5347088336730605,0.0008660254037844387,37611.52508045379,-5394.229481126549,18766.202424234383
180.0,GEO-3,1,2.913648031020528,-0.14758699734400113,2.9125235542626435,-0.14699867839090744,0.0008660254037844387,40546.10500375705,-11190.18001510833,5166.054999104973
180.0,GEO-1,2,2.3292157511059175,0.3063930636246031,2.3296874961811573,0.30354741855009354,0.0008660254037844387,29462.200876987186,-28481.320264708153,-10802.221968797894
180.0,GEO-2,2,3.0807187805176772,-0.5283805808121039,3.078590808320728,-0.529334317543597,0.0008660254037844387,37611.52508045379,-5394.229481126549,18766.202424234383
180.0,GEO-3,2,2.9208708913243977,-0.14190715261094825,2.921326312348264,-0.14255661388492666,0.0008660254037844387,40546.10500375705,-11190.18001510833,5166.054999104973
190.0,GEO-1,1,2.316234864378854,0.3002870775104946,2.318516334156142,0.30018054480891704,0.0008660254037844387,29462.200876987186,-28481.320264708153,-10802.221968797894
190.0,GEO-2,1,3.0664475543782004,-0.535178042207686,3.0672073726599827,-0.5338924370640213,0.0008660254037844387,37611.52508045379,-5394.229481126549,18766.202424234383
190.0,GEO-3,1,2.9089080146328286,-0.14501246173015203,2.910490819097067,-0.14553760332802718,0.0008660254037844387,40546.10500375705,-11190.18001510833,5166.054999104973
190.0,GEO-1,2,2.326245451592137,0.3045176389456502,2.3261561512188234,0.30435791528165,0.0008660254037844387,29462.200876987186,-28481.320264708153,-10802.221968797894
190.0,GEO-2,2,3.076007585349068,-0.5300872538694517,3.0751652092938113,-0.5292411701007862,0.0008660254037844387,37611.52508045379,-5394.229481126549,18766.202424234383
190.0,GEO-3,2,2.916791806646348,-0.14340602220488083,2.918027391100817,-0.14162965681996256,0.0008660254037844387,40546.10500375705,-11190.18001510833,5166.054999104973
200.0,GEO-1,1,2.316046174824856,0.3022729423682886,2.3163813713987826,0.3015127861597361,0.0008660254037844387,29462.200876987186,-28481.320264708153,-10802.221968797894
200.0,GEO-2,1,3.0649059902489446,-0.5324037093020852,3.0650554137742203,-0.533044837492437,0.0008660254037844387,37611.52508045379,-5394.229481126549,18766.202424234383
200.0,GEO-3,1,2.907256670230461,-0.14453172171005893,2.908437723944066,-0.14406260037818722,0.0008660254037844387,40546.10500375705,-11190.18001510833,5166.054999104973
200.0,GEO-1,2,2.321886177309515,0.3038906406864526,2.322652113990897,0.3051390184966883,0.0008660254037844387,29462.200876987186,-28481.320264708153,-10802.221968797894
200.0,GEO-2,2,3.0735362844701606,-0.5282508107057903,3.0716768109329,-0.529102951478058,0.0008660254037844387,37611.52508045379,-5394.229481126549,18766.202424234383
200.0,GEO-3,2,2.9139270077095305,-0.141451213206444,2.914688808261807,-0.14068519599825424,0.0008660254037844387,40546.10500375705,-11190.18001510833,5166.054999104973
210.0,GEO-1,1,2.3142081501024196,0.30138622367552376,2.314265346956225,0.3028282775782923,0.0008660254037844387,29462.200876987186,-28481.320264708153,-10802.221968797894
210.0,GEO-2,1,3.063307625749126,-0.5334602863961645,3.062871798583241,-0.5321660476210012,0.0008660254037844387,37611.52508045379,-5394.229481126549,18766.202424234383
210.0,GEO-3,1,2.9059953958006326,-0.1435991456749157,2.906365828775504,-0.14257432305078774,0.0008660254037844387,40546.10500375705,-11190.18001510833,5166.054999104973
210.0,GEO-1,2,2.318699050587841,0.30455940835914636,2.319178898877576,0.30589056553971133,0.0008660254037844387,29462.200876987186,-28481.320264708153,-10802.221968797894
210.0,GEO-2,2,3.066555963354981,-0.5298849844011839,3.068128785382007,-0.5289188435234571,0.0008660254037844387,37611.52508045379,-5394.229481126549,18766.202424234383
210.0,GEO-3,2,2.9106337531787263,-0.1400184701567664,2.9113137630363966,-0.13972358072706378,0.0008660254037844387,40546.10500375705,-11190.18001510833,5166.054999104973
220.0,GEO-1,1,2.312238866428695,0.3056534070960647,2.312169882796554,0.30412651098621835,0.0008660254037844387,29462.200876987186,-28481.320264708153,-10802.221968797894
220.0,GEO-2,1,3.0614704083481894,-0.531509011343646,3.060658156517628,-0.5312561121419597,0.0008660254037844387,37611.52508045379,-5394.229481126549,18766.202424234383
220.0,GEO-3,1,2.905002636869854,-0.14176233929301982,2.9042767185351166,-0.14107344202847896,0.0008660254037844387,40546.10500375705,-11190.18001510833,5166.054999104973
220.0,GEO-1,2,2.3171884474029834,0.30716192431667755,2.3157399560163667,0.30661244735423665,0.0008660254037844387,29462.200876987186,-28481.320264708153,-10802.221968797894
220.0,GEO-2,2,3.0631685882064166,-0.5279327053711143,3.064524427541088,-0.5286880908945879,0.0008660254037844387,37611.52508045379,-5394.229481126549,18766.202424234383
220.0,GEO-3,2,2.9087216207941107,-0.14143078681325008,2.907905528441493,-0.13874519152359763,0.0008660254037844387,40546.10500375705,-11190.18001510833,5166.054999104973
230.0,GEO-1,1,2.3093484790175935,0.30493317996448377,2.310096573971845,0.30540700248410224,0.0008660254037844387,29462.200876987186,-28481.320264708153,-10802.221968797894
230.0,GEO-2,1,3.0564876454960377,-0.5313822860864852,3.058416157747838,-0.5303151085941726,0.0008660254037844387,37611.52508045379,-5394.229481126549,18766.202424234383
230.0,GEO-3,1,2.9012236428551077,-0.13905354877185844,2.9021720010433008,-0.13956064457722417,0.0008660254037844387,40546.10500375705,-11190.18001510833,5166.054999104973
230.0,GEO-1,2,2.312639127667025,0.30993078152280357,2.3123386644892947,0.30730460769418494,0.0008660254037844387,29462.200876987186,-28481.320264708153,-10802.221968797894
230.0,GEO-2,2,3.0604728903263823,-0.5272567736304825,3.0608671497297664,-0.5284100046243236,0.0008660254037844387,37611.52508045379,-5394.229481126549,18766.202424234383
230.0,GEO-3,2,2.9045462915604077,-0.13747951413660617,2.904467445085027,-0.13775043991557692,0.0008660254037844387,40546.10500375705,-11190.18001510833,5166.054999104973
240.0,GEO-1,1,2.306887356732285,0.30475839271934013,2.308046986549571,0.3066692924972826,0.0008660254037844387,29462.200876987186,-28481.320264708153,-10802.221968797894
240.0,GEO-2,1,3.0553803628779197,-0.5285809795464105,3.056147511103737,-0.5293431481181239,0.0008660254037844387,37611.52508045379,-5394.229481126549,18766.202424234383
240.0,GEO-3,1,2.9016361104491706,-0.1374326428564028,2.9000533048371455,-0.13803663390726809,0.0008660254037844387,40546.10500375705,-11190.18001510833,5166.054999104973
240.0,GEO-1,2,2.309476606745143,0.3071282752921638,2.3089783258353,0.3079670421461381,0.0008660254037844387,29462.200876987186,-28481.320264708153,-10802.221968797894
240.0,GEO-2,2,3.0586947696703435,-0.5267401592082008,3.057160475825028,-0.5280839655285976,0.0008660254037844387,37611.52508045379,-5394.229481126549,18766.202424234383
240.0,GEO-3,2,2.9004720821561407,-0.13678613878470156,2.90100291464331,-0.13673976811550767,0.0008660254037844387,40546.10500375705,-11190.18001510833,5166.054999104973
250.0,GEO-1,1,2.305026603702699,0.3093801527449433,2.3060226556261636,0.30791294585955936,0.0008660254037844387,29462.200876987186,-28481.320264708153,-10802.221968797894
250.0,GEO-2,1,3.0542603160501036,-0.5284354408137276,3.0538539618810736,-0.5283403761445672,0.0008660254037844387,37611.52508045379,-5394.229481126549,18766.202424234383
250.0,GEO-3,1,2.898329176951709,-0.13606150619620744,2.8979222769512867,-0.13650212848657595,0.0008660254037844387,40546.10500375705,-11190.18001510833,5166.054999104973
250.0,GEO-1,2,2.3052506612088997,0.3073582317863511,2.3056621579123022,0.308599796972094,0.0008660254037844387,29462.200876987186,-28481.320264708153,-10802.221968797894
250.0,GEO-2,2,3.0521242895193335,-0.52944779394551,3.0534080348880486,-0.5277094274323986,0.0008660254037844387,37611.52508045379,-5394.229481126549,18766.202424234383
250.0,GEO-3,2,2.897976646082677,-0.13349510672941065,2.8975153930621804,-0.13571364856804466,0.0008660254037844387,40546.10500375705,-11190.18001510833,5166.054999104973
260.0,GEO-1,1,2.302326014129606,0.30927583929467084,2.304025083427242,0.3091375518358459,0.0008660254037844387,29462.200876987186,-28481.320264708153,-10802.221968797894
260.0,GEO-2,1,3.051948273482402,-0.5282915986899513,3.051537289539796,-0.5273069730126899,0.0008660254037844387,37611.52508045379,-5394.229481126549,18766.202424234383
260.0,GEO-3,1,2.895985006447563,-0.13605479820748223,2.8957805806454955,-0.13495786130856385,0.0008660254037844387,40546.10500375705,-11190.18001510833,5166.054999104973
260.0,GEO-1,2,2.3035936912495276,0.30860871872712015,2.30239328913054,0.3092029677834317,0.0008660254037844387,29462.200876987186,-28481.320264708153,-10802.221968797894
260.0,GEO-2,2,3.0497141146830002,-0.5266016786056549,3.049613554299509,-0.5272859201906495,0.0008660254037844387,37611.52508045379,-5394.229481126549,18766.202424234383
260.0,GEO-3,2,2.8935785641407827,-0.1364638141936541,2.8940083835099752,-0.13467258337081306,0.0008660254037844387,40546.10500375705,-11190.18001510833,5166.054999104973
270.0,GEO-1,1,2.30152448183964,0.31110571935269193,2.3020557374985753,0.3103427240850455,0.0008660254037844387,29462.200876987186,-28481.320264708153,-10802.221968797894
270.0,GEO-2,1,3.0491147726423726,-0.5260133653299379,3.049199305299666,-0.5262431545139019,0.0008660254037844387,37611.52508045379,-5394.229481126549,18766.202424234383
270.0,GEO-3,1,2.892549491278275,-0.13326135620537746,2.8936298930851803,-0.133404579116193,0.0008660254037844387,40546.10500375705,-11190.18001510833,5166.054999104973
270.0,GEO-1,2,2.2999029200657026,0.3098131460782365,2.2991747530757842,0.3097766980577459,0.0008660254037844387,29462.200876987186,-28481.320264708153,-10802.221968797894
270.0,GEO-2,2,3.0476888670172406,-0.5270208460597026,3.0457808524269203,-0.5268130524814421,0.0008660254037844387,37611.52508045379,-5394.229481126549,18766.202424234383
270.0,GEO-3,2,2.889444078876129,-0.13523476281238694,2.8904854291124664,-0.13361710357004086,0.0008660254037844387,40546.10500375705,-11190.18001510833,5166.054999104973
280.0,GEO-1,1,2.3012680548825855,0.3114690823208922,2.3001160489913928,0.3115281005646887,0.0008660254037844387,29462.200876987186,-28481.320264708153,-10802.221968797894
280.0,GEO-2,1,3.047853471419092,-0.5246915034388369,3.0468418496392298,-0.5251491723576089,0.0008660254037844387,37611.52508045379,-5394.229481126549,18766.202424234383
280.0,GEO-3,1,2.8930969872718237,-0.13057693422197966,2.8914719029812477,-0.13184304158474078,0.0008660254037844387,40546.10500375705,-11190.18001510833,5166.054999104973
280.0,GEO-1,2,2.2956319289758107,0.3105950624119251,2.2960094835379787,0.3103211775110109,0.0008660254037844387,29462.200876987186,-28481.320264708153,-10802.221968797894
280.0,GEO-2,2,3.0429992028442023,-0.5275265894942183,3.0419138308515294,-0.5262905143501628,0.0008660254037844387,37611.52508045379,-5394.229481126549,18766.202424234383
280.0,GEO-3,2,2.8884010014768617,-0.13133577499104054,2.886950105501801,-0.13254776833335274,0.0008660254037844387,40546.10500375705,-11190.18001510833,5166.054999104973
290.0,GEO-1,1,2.2991903369084983,0.3124924112181777,2.2982074110451864,0.3126933433790947,0.0008660254037844387,29462.200876987186,-28481.320264708153,-10802.221968797894
290.0,GEO-2,1,3.0447689307444503,-0.5251425537965204,3.0444667897047073,-0.5240253145556182,0.0008660254037844387,37611.52508045379,-5394.229481126549,18766.202424234383
290.0,GEO-3,1,2.8893662623698284,-0.1308613999872294,2.8893083081959934,-0.13027402046578995,0.0008660254037844387,40546.10500375705,-11190.18001510833,5166.054999104973
290.0,GEO-1,2,2.292986873923072,0.3103420140753847,2.2929003099577296,0.31083664033818564,0.0008660254037844387,29462.200876987186,-28481.320264708153,-10802.221968797894
290.0,GEO-2,2,3.038300269698191,-0.52453874730801,3.038016466186272,-0.5257180794843449,0.0008660254037844387,37611.52508045379,-5394.229481126549,18766.202424234383
290.0,GEO-3,2,2.8820964100291766,-0.1305397731275414,2.883406013213091,-0.1314651640030653,0.0008660254037844387,40546.10500375705,-11190.18001510833,5166.054999104973
300.0,GEO-1,1,2.29433936470117,0.3116771052225069,2.296331177270688,0.3138381385730341,0.0008660254037844387,29462.200876987186,-28481.320264708153,-10802.221968797894
300.0,GEO-2,1,3.0419566479595224,-0.5228651763405033,3.042076016635921,-0.5228719057221424,0.0008660254037844387,37611.52508045379,-5394.229481126549,18766.202424234383
300.0,GEO-3,1,2.8875836141755227,-0.13034568396536256,2.8871408133218766,-0.1286982986951951,0.0008660254037844387,40546.10500375705,-11190.18001510833,5166.054999104973
300.0,GEO-1,2,2.28979001465722,0.3114498880330961,2.289849953299965,0.31132336333586846,0.0008660254037844387,29462.200876987186,-28481.320264708153,-10802.221968797894
300.0,GEO-2,2,3.0353480065031384,-0.5251994467861454,3.034092801519967,-0.5250956072006387,0.0008660254037844387,37611.52508045379,-5394.229481126549,18766.202424234383
300.0,GEO-3,2,2.880385761711973,-0.1313473285846271,2.8798567699636513,-0.13036990303429857,0.0008660254037844387,40546.10500375705,-11190.18001510833,5166.054999104973
310.0,GEO-1,1,2.2943011057014115,0.31451666055192745,2.2944886603352113,0.3149621958730659,0.0008660254037844387,29462.200876987186,-28481.320264708153,-10802.221968797894
310.0,GEO-2,1,3.0403747471954787,-0.5226781265640515,3.0396714428168172,-0.5216893072867083,0.0008660254037844387,37611.52508045379,-5394.229481126549,18766.202424234383
310.0,GEO-3,1,2.884136804783054,-0.1265406812994366,2.8849711272401835,-0.12711666946798358,0.0008660254037844387,40546.10500375705,-11190.18001510833,5166.054999104973
310.0,GEO-1,2,2.2886504590231787,0.31216436725149144,2.286861022361022,0.31178166392096196,0.0008660254037844387,29462.200876987186,-28481.320264708153,-10802.221968797894
310.0,GEO-2,2,3.030450497819786,-0.5247691865206614,3.0301469375263577,-0.5244230441270734,0.0008660254037844387,37611.52508045379,-5394.229481126549,18766.202424234383
310.0,GEO-3,2,2.877394428079815,-0.12872270586650197,2.87630600285092,-0.1292626228231588,0.0008660254037844387,40546.10500375705,-11190.18001510833,5166.054999104973
320.0,GEO-1,1,2.29441432337147,0.31639595988923336,2.292681130652109,0.31606524837888844,0.0008660254037844387,29462.200876987186,-28481.320264708153,-10802.221968797894
320.0,GEO-2,1,3.0363063221408377,-0.5210478591184667,3.0372549990586157,-0.5204779176176441,0.0008660254037844387,37611.52508045379,-5394.229481126549,18766.202424234383
320.0,GEO-3,1,2.88181355611361,-0.12678075617624296,2.8828009606666956,-0.12552993528333262,0.0008660254037844387,40546.10500375705,-11190.18001510833,5166.054999104973
320.0,GEO-1,2,2.285199727938913,0.3130192349676012,2.283936010512382,0.312211898059503,0.0008660254037844387,29462.200876987186,-28481.320264708153,-10802.221968797894
320.0,GEO-2,2,3.024944378903962,-0.5219191048828802,3.0261830232797715,-0.5237004255657705,0.0008660254037844387,37611.52508045379,-5394.229481126549,18766.202424234383
320.0,GEO-3,2,2.8730019012319867,-0.12910087641974557,2.8727573405058204,-0.1281439844311452,0.0008660254037844387,40546.10500375705,-11190.18001510833,5166.054999104973
330.0,GEO-1,1,2.291296037117023,0.3170778579518501,2.2909098151755836,0.317147052207205,0.0008660254037844387,29462.200876987186,-28481.320264708153,-10802.221968797894
330.0,GEO-2,1,3.034055976969825,-0.5211811063466408,3.034828631723981,-0.5192381720542182,0.0008660254037844387,37611.52508045379,-5394.229481126549,18766.202424234383
330.0,GEO-3,1,2.8806687435959826,-0.12364691111502785,2.880632023691558,-0.12393890696292925,0.0008660254037844387,40546.10500375705,-11190.18001510833,5166.054999104973
330.0,GEO-1,2,2.278498215500852,0.313169365449039,2.281077292881385,0.3126144581198757,0.0008660254037844387,29462.200876987186,-28481.320264708153,-10802.221968797894
330.0,GEO-2,2,3.0228228801372063,-0.5233976721308763,3.022205246821933,-0.5229278765234756,0.0008660254037844387,37611.52508045379,-5394.229481126549,18766.202424234383
330.0,GEO-3,2,2.8693265282936307,-0.12729532937506502,2.869214405238719,-0.12701467121277607,0.0008660254037844387,40546.10500375705,-11190.18001510833,5166.054999104973
340.0,GEO-1,1,2.288338793735776,0.31784733111024027,2.2891758963016793,0.31820738609072935,0.0008660254037844387,29462.200876987186,-28481.320264708153,-10802.221968797894
340.0,GEO-2,1,3.033745903635669,-0.519421159933337,3.0323942998009947,-0.5179705428459064,0.0008660254037844387,37611.52508045379,-5394.229481126549,18766.202424234383
340.0,GEO-3,1,2.8787032156013255,-0.12216028489054691,2.878466023320566,-0.12234440264616116,0.0008660254037844387,40546.10500375705,-11190.18001510833,5166.054999104973
340.0,GEO-1,2,2.2775794936624028,0.31254943145892916,2.2782871239664493,0.31298977066454076,0.0008660254037844387,29462.200876987186,-28481.320264708153,-10802.221968797894
340.0,GEO-2,2,3.016817412123015,-0.5229575745891515,3.018217825526859,-0.5221056123996259,0.0008660254037844387,37611.52508045379,-5394.229481126549,18766.202424234383
340.0,GEO-3,2,2.865695757045203,-0.1255486714508234,2.8656808052152156,-0.12587538735420475,0.0008660254037844387,40546.10500375705,-11190.18001510833,5166.054999104973
350.0,GEO-1,1,2.2865821340734556,0.3223023933836467,2.287480510875792,0.31924605093507014,0.0008660254037844387,29462.200876987186,-28481.320264708153,-10802.221968797894
350.0,GEO-2,1,3.02938362738622,-0.5165482089936156,3.029953971935981,-0.5166755389977044,0.0008660254037844387,37611.52508045379,-5394.229481126549,18766.202424234383
350.0,GEO-3,1,2.8760740809439502,-0.12114702655036211,2.8763046610250864,-0.12074724676571141,0.0008660254037844387,40546.10500375705,-11190.18001510833,5166.054999104973
350.0,GEO-1,2,2.27686870460464,0.31285948281344983,2.2755676356816723,0.3133382941942095,0.0008660254037844387,29462.200876987186,-28481.320264708153,-10802.221968797894
350.0,GEO-2,2,3.0155593851275833,-0.5200921230417415,3.0142249963127177,-0.5212339393241867,0.0008660254037844387,37611.52508045379,-5394.229481126549,18766.202424234383
350.0,GEO-3,2,2.861114461536112,-0.12369136283731827,2.862160126698714,-0.12472685633129316,0.0008660254037844387,40546.10500375705,-11190.18001510833,5166.054999104973
360.0,GEO-1,1,2.285174371221418,0.3229993280621874,2.2858247493066197,0.3202628693363249,0.0008660254037844387,29462.200876987186,-28481.320264708153,-10802.221968797894
360.0,GEO-2,1,3.0271237930672164,-0.5162946322550381,3.027509623434504,-0.5153537060208344,0.0008660254037844387,37611.52508045379,-5394.229481126549,18766.202424234383
360.0,GEO-3,1,2.8722385540371596,-0.12044131416913495,2.874149630307781,-0.11914826900722827,0.0008660254037844387,40546.10500375705,-11190.18001510833,5166.054999104973
360.0,GEO-1,2,2.2723401869111166,0.31266248905505717,2.272920835823232,0.3136605168580641,0.0008660254037844387,29462.200876987186,-28481.320264708153,-10802.221968797894
360.0,GEO-2,2,3.0090023188548805,-0.5210085938702076,3.010231005751035,-0.5203132541401088,0.0008660254037844387,37611.52508045379,-5394.229481126549,18766.202424234383
360.0,GEO-3,2,2.858449378652347,-0.12212047192157972,2.858655926396146,-0.12356981929622206,0.0008660254037844387,40546.10500375705,-11190.18001510833,5166.054999104973
370.0,GEO-1,1,2.2825063598972437,0.3207060440637896,2.284209654786052,0.32125768506227875,0.0008660254037844387,29462.200876987186,-28481.320264708153,-10802.221968797894
370.0,GEO-2,1,3.0241093396348333,-0.515520773383015,3.025063233240034,-0.5140056255886679,0.0008660254037844387,37611.52508045379,-5394.229481126549,18766.202424234383
370.0,GEO-3,1,2.8707364776346873,-0.1184540380969642,2.8720026142912074,-0.11754830325681637,0.0008660254037844387,40546.10500375705,-11190.18001510833,5166.054999104973
370.0,GEO-1,2,2.271065650383947,0.3137630535675726,2.2703486069476915,0.31395695414319114,0.0008660254037844387,29462.200876987186,-28481.320264708153,-10802.221968797894
370.0,GEO-2,2,3.0057021150121064,-0.5187327523333205,3.006240100124613,-0.5193440440279695,0.0008660254037844387,37611.52508045379,-5394.229481126549,18766.202424234383
370.0,GEO-3,2,2.8554524934349037,-0.12262836224641602,2.855171723942305,-0.12240503340223652,0.0008660254037844387,40546.10500375705,-11190.18001510833,5166.054999104973
380.0,GEO-1,1,2.2830205084573514,0.32140201151481457,2.28263622261409,0.32223036250015497,0.0008660254037844387,29462.200876987186,-28481.320264708153,-10802.221968797894
380.0,GEO-2,1,3.0232441622418755,-0.5121649901498798,3.0226167808999267,-0.5126319150981323,0.0008660254037844387,37611.52508045379,-5394.229481126549,18766.202424234383
380.0,GEO-3,1,2.8694529790611343,-0.11716766270765319,2.8698652833362504,-0.11594818654014988,0.0008660254037844387,40546.10500375705,-11190.18001510833,5166.054999104973
380.0,GEO-1,2,2.2693727700104804,0.31432234756928534,2.2678527056502378,0.31422814655586595,0.0008660254037844387,29462.200876987186,-28481.320264708153,-10802.221968797894
380.0,GEO-2,2,3.0053077804764436,-0.5189802948436464,3.0022565154860636,-0.5183268857731131,0.0008660254037844387,37611.52508045379,-5394.229481126549,18766.202424234383
380.0,GEO-3,2,2.8525638375721876,-0.1216674892378665,2.851710994557008,-0.12123327007654064,0.0008660254037844387,40546.10500375705,-11190.18001510833,5166.054999104973
390.0,GEO-1,1,2.2813590676807234,0.32401417728604043,2.281105399627502,0.3231807860738949,0.0008660254037844387,29462.200876987186,-28481.320264708153,-10802.221968797894
390.0,GEO-2,1,3.0193729357169876,-0.5113333176022111,3.0201722435284286,-0.5112332271373495,0.0008660254037844387,37611.52508045379,-5394.229481126549,18766.202424234383
390.0,GEO-3,1,2.8679002342905666,-0.11423527785350544,2.8677392926971694,-0.11434875795703255,0.0008660254037844387,40546.10500375705,-11190.18001510833,5166.054999104973
390.0,GEO-1,2,2.266031213257691,0.31550022047640913,2.2654347622289914,0.314474657306712,0.0008660254037844387,29462.200876987186,-28481.320264708153,-10802.221968797894
390.0,GEO-2,2,2.9991180961076847,-0.5169994321223076,2.99828446776883,-0.5172624446783759,0.0008660254037844387,37611.52508045379,-5394.229481126549,18766.202424234383
390.0,GEO-3,2,2.847929788960389,-0.1211849968340515,2.8482771619078173,-0.1200553132516713,0.0008660254037844387,40546.10500375705,-11190.18001510833,5166.054999104973
400.0,GEO-1,1,2.2788825852715258,0.32358031084678274,2.2796180837305746,0.32410885963395053,0.0008660254037844387,29462.200876987186,-28481.320264708153,-10802.221968797894
400.0,GEO-2,1,3.0184143068397447,-0.5101738590394246,3.01773159277644,-0.5098102488607169,0.0008660254037844387,37611.52508045379,-5394.229481126549,18766.202424234383
400.0,GEO-3,1,2.8643839414529197,-0.11212451046245965,2.865626280219844,-0.11275085761523417,0.0008660254037844387,40546.10500375705,-11190.18001510833,5166.054999104973
400.0,GEO-1,2,2.262293030022561,0.3139312414071807,2.263096280719867,0.31469707001107244,0.0008660254037844387,29462.200876987186,-28481.320264708153,-10802.221968797894
400.0,GEO-2,2,2.994101871590669,-0.5156782952821044,2.994328143002059,-0.5161514731282344,0.0008660254037844387,37611.52508045379,-5394.229481126549,18766.202424234383
400.0,GEO-3,2,2.842460407707186,-0.11999341155279439,2.8448735912092538,-0.11887195756588503,0.0008660254037844387,40546.10500375705,-11190.18001510833,5166.054999104973
410.0,GEO-1,1,2.278350712675234,0.32465034482317057,2.27817512352596,0.32501450582257063,0.0008660254037844387,29462.200876987186,-28481.320264708153,-10802.221968797894
410.0,GEO-2,1,3.014432247302498,-0.5089051541571724,3.0152967918177334,-0.5083637012731023,0.0008660254037844387,37611.52508045379,-5394.229481126549,18766.202424234383
410.0,GEO-3,1,2.8649131181043472,-0.11161105383771236,2.8635278640895656,-0.11115532556741078,0.0008660254037844387,40546.10500375705,-11190.18001510833,5166.054999104973
410.0,GEO-1,2,2.2615513042485023,0.31568785549728406,2.2608386392850046,0.31489598641518857,0.0008660254037844387,29462.200876987186,-28481.320264708153,-10802.221968797894
410.0,GEO-2,2,2.9899414666633093,-0.5145513697455468,2.9903916876796885,-0.5149948088129053,0.0008660254037844387,37611.52508045379,-5394.229481126549,18766.202424234383
410.0,GEO-3,2,2.8410533449713538,-0.11829442405221477,2.841503582587419,-0.11768400654319155,0.0008660254037844387,40546.10500375705,-11190.18001510833,5166.054999104973
420.0,GEO-1,1,2.2756513236824842,0.32677262166904586,2.2767773180433215,0.32589766541753484,0.0008660254037844387,29462.200876987186,-28481.320264708153,-10802.221968797894
420.0,GEO-2,1,3.0124716330212338,-0.5074464808318526,3.012869792361211,-0.506894338425288,0.0008660254037844387,37611.52508045379,-5394.229481126549,18766.202424234383
420.0,GEO-3,1,2.860318195715113,-0.10775415579201045,2.861445640634451,-0.10956300075486924,0.0008660254037844387,40546.10500375705,-11190.18001510833,5166.054999104973
420.0,GEO-1,2,2.259404896548636,0.31493921968364863,2.258663090936592,0.31507202415798724,0.0008660254037844387,29462.200876987186,-28481.320264708153,-10802.221968797894
420.0,GEO-2,2,2.985784464960074,-0.5153231726192393,2.9864791993325848,-0.5137933726235282,0.0008660254037844387,37611.52508045379,-5394.229481126549,18766.202424234383
420.0,GEO-3,2,2.8384621784084865,-0.11620384895204708,2.8381703647366936,-0.1164922707636564,0.0008660254037844387,40546.10500375705,-11190.18001510833,5166.054999104973
430.0,GEO-1,1,2.274017015877248,0.32791984701772886,2.275425416563181,0.3267582966572477,0.0008660254037844387,29462.200876987186,-28481.320264708153,-10802.221968797894
430.0,GEO-2,1,3.011228488066787,-0.5063650202666916,3.0104525316986432,-0.5054029465232361,0.0008660254037844387,37611.52508045379,-5394.229481126549,18766.202424234383
430.0,GEO-3,1,2.858825485650388,-0.10840204058840315,2.8593811821902637,-0.10797471996186793,0.0008660254037844387,40546.10500375705,-11190.18001510833,5166.054999104973
430.0,GEO-1,2,2.2567314435374173,0.31508024515205885,2.2565707645768627,0.31522581457745474,0.0008660254037844387,29462.200876987186,-28481.320264708153,-10802.221968797894
430.0,GEO-2,2,2.9809557782591427,-0.5110740687556045,2.982594717350628,-0.5125481662320449,0.0008660254037844387,37611.52508045379,-5394.229481126549,18766.202424234383
430.0,GEO-3,2,2.835193399312578,-0.11403679266175952,2.834877088892765,-0.1152975660344815,0.0008660254037844387,40546.10500375705,-11190.18001510833,5166.054999104973
440.0,GEO-1,1,2.275374940879987,0.3273884737333925,2.2741201185331215,0.3275963745500553,0.0008660254037844387,29462.200876987186,-28481.320264708153,-10802.221968797894
440.0,GEO-2,1,3.0083888919327353,-0.5031536783423194,3.008046929797094,-0.5038903429541832,0.0008660254037844387,37611.52508045379,-5394.229481126549,18766.202424234383
440.0,GEO-3,1,2.858105648460328,-0.10655523554415268,2.8573360350320796,-0.10639131678405365,0.0008660254037844387,40546.10500375705,-11190.18001510833,5166.054999104973
440.0,GEO-1,2,2.253944480862683,0.31539328713936254,2.2545626663342895,0.3153580005697263,0.0008660254037844387,29462.200876987186,-28481.320264708153,-10802.221968797894
440.0,GEO-2,2,2.9779406713320857,-0.5118162033496517,2.978742214099236,-0.5112602693717122,0.0008660254037844387,37611.52508045379,-5394.229481126549,18766.202424234383
440.0,GEO-3,2,2.829596643802396,-0.11401706890092698,2.831626823143636,-0.11410071157215519,0.0008660254037844387,40546.10500375705,-11190.18001510833,5166.054999104973
450.0,GEO-1,1,2.2718351822323775,0.32785605048199473,2.272862073573243,0.3284118901705728,0.0008660254037844387,29462.200876987186,-28481.320264708153,-10802.221968797894
450.0,GEO-2,1,3.0056021861062305,-0.5020435401123419,3.0056548864449972,-0.5023573752329783,0.0008660254037844387,37611.52508045379,-5394.229481126549,18766.202424234383
450.0,GEO-3,1,2.8572008891868896,-0.10460922425111173,2.855311717377911,-0.10481362061452008,0.0008660254037844387,40546.10500375705,-11190.18001510833,5166.054999104973
450.0,GEO-1,2,2.251226416223071,0.3155999810047533,2.252639681175384,0.3154692345081609,0.0008660254037844387,29462.200876987186,-28481.320264708153,-10802.221968797894
450.0,GEO-2,2,2.974329860528678,-0.5095314513574316,2.974925586372023,-0.509930836836326,0.0008660254037844387,37611.52508045379,-5394.229481126549,18766.202424234383
450.0,GEO-3,2,2.8277370193200926,-0.11361093499060367,2.828422547097579,-0.11290252820565037,0.0008660254037844387,40546.10500375705,-11190.18001510833,5166.054999104973
460.0,GEO-1,1,2.271140617797261,0.32857728727192964,2.271651881567579,0.32920484994573423,0.0008660254037844387,29462.200876987186,-28481.320264708153,-10802.221968797894
460.0,GEO-2,1,3.0014534974683613,-0.5014731915734985,3.0032782784604946,-0.5008049198724738,0.0008660254037844387,37611.52508045379,-5394.229481126549,18766.202424234383
460.0,GEO-3,1,2.8532957063744258,-0.10204196689694765,2.8533097174690045,-0.10324245565083996,0.0008660254037844387,40546.10500375705,-11190.18001510833,5166.054999104973
460.0,GEO-1,2,2.2505093967529572,0.3151884338738901,2.2508025747711513,0.31556017622880744,0.0008660254037844387,29462.200876987186,-28481.320264708153,-10802.221968797894
460.0,GEO-2,2,2.9717284856316226,-0.5080216927011858,2.9711486472181647,-0.5085610952181789,0.0008660254037844387,37611.52508045379,-5394.229481126549,18766.202424234383
460.0,GEO-3,2,2.8268666722034212,-0.11111872505982659,2.8252671469241943,-0.11170383661024846,0.0008660254037844387,40546.10500375705,-11190.18001510833,5166.054999104973
470.0,GEO-1,1,2.2704706425517514,0.3313136039244616,2.270490092837987,0.32997527493318596,0.0008660254037844387,29462.200876987186,-28481.320264708153,-10802.221968797894
470.0,GEO-2,1,3.00244843889573,-0.49970925959285206,3.0009189569703127,-0.49923388118213796,0.0008660254037844387,37611.52508045379,-5394.229481126549,18766.202424234383
470.0,GEO-3,1,2.8514896316116203,-0.10335928053264237,2.851331491731147,-0.10167863992627041,0.0008660254037844387,40546.10500375705,-11190.18001510833,5166.054999104973
470.0,GEO-1,2,2.248687868124399,0.3147477395280836,2.2490519955970183,0.31563149108781646,0.0008660254037844387,29462.200876987186,-28481.320264708153,-10802.221968797894
470.0,GEO-2,2,2.9672010457136824,-0.507633973953136,2.9674151181795696,-0.5071523394064733,0.0008660254037844387,37611.52508045379,-5394.229481126549,18766.202424234383
470.0,GEO-3,2,2.821997360917048,-0.11060849011209724,2.8221634107818865,-0.11050545558108231,0.0008660254037844387,40546.10500375705,-11190.18001510833,5166.054999104973
480.0,GEO-1,1,2.2698706765129084,0.3309541385756489,2.269377208396874,0.33072320009453926,0.0008660254037844387,29462.200876987186,-28481.320264708153,-10802.221968797894
480.0,GEO-2,1,2.998016940446768,-0.4989343530268788,2.9985787447670043,-0.4976451899993967,0.0008660254037844387,37611.52508045379,-5394.229481126549,18766.202424234383
480.0,GEO-3,1,2.8506133147867705,-0.09870568194771387,2.8493784630208974,-0.10012298436815961,0.0008660254037844387,40546.10500375705,-11190.18001510833,5166.054999104973
480.0,GEO-1,2,2.2469340322615716,0.3162452624144272,2.2473884772450505,0.31568384809551076,0.0008660254037844387,29462.200876987186,-28481.320264708153,-10802.221968797894
480.0,GEO-2,2,2.9622025170607937,-0.5072681438301666,2.963728621969273,-0.5057059288693823,0.0008660254037844387,37611.52508045379,-5394.229481126549,18766.202424234383
480.0,GEO-3,2,2.8188441401218003,-0.10783651865346133,2.819114024642214,-0.10930820035493455,0.0008660254037844387,40546.10500375705,-11190.18001510833,5166.054999104973
490.0,GEO-1,1,2.267267128781713,0.33061454927305967,2.2683136802749773,0.33144867356589414,0.0008660254037844387,29462.200876987186,-28481.320264708153,-10802.221968797894
490.0,GEO-2,1,2.997867028505785,-0.49793325027108865,2.996259433751954,-0.4960398023585167,0.0008660254037844387,37611.52508045379,-5394.229481126549,18766.202424234383
490.0,GEO-3,1,2.8480982412072766,-0.09808847796910825,2.8474520189602543,-0.09857629188639866,0.0008660254037844387,40546.10500375705,-11190.18001510833,5166.054999104973
490.0,GEO-1,2,2.245606170150796,0.31590654310144306,2.2458124409273994,0.3157179181310177,0.0008660254037844387,29462.200876987186,-28481.320264708153,-10802.221968797894
490.0,GEO-2,2,2.962714417265685,-0.5053501269447016,2.9600926756185446,-0.5042232837441518,0.0008660254037844387,37611.52508045379,-5394.229481126549,18766.202424234383
490.0,GEO-3,2,2.8158076283224753,-0.10835100440020287,2.816121568518689,-0.10811288098820931,0.0008660254037844387,40546.10500375705,-11190.18001510833,5166.054999104973
500.0,GEO-1,1,2.2666102308254823,0.3308098730431694,2.267299911920336,0.33215175592792806,0.0008660254037844387,29462.200876987186,-28481.320264708153,-10802.221968797894
500.0,GEO-2,1,2.995556082738132,-0.49419860302817625,2.99396278247104,-0.4944186981021182,0.0008660254037844387,37611.52508045379,-5394.229481126549,18766.202424234383
500.0,GEO-3,1,2.8437955182252184,-0.09774216073794946,2.8455535103628185,-0.09703935649456165,0.0008660254037844387,40546.10500375705,-11190.18001510833,5166.054999104973
500.0,GEO-1,2,2.2447295988471905,0.31613779236965794,2.244324198150197,0.31573437224057527,0.0008660254037844387,29462.200876987186,-28481.320264708153,-10802.221968797894
500.0,GEO-2,2,2.9550703569954293,-0.5027973076282506,2.956510684116147,-0.5027058807605771,0.0008660254037844387,37611.52508045379,-5394.229481126549,18766.202424234383
500.0,GEO-3,2,2.8134493948387806,-0.10652772894776208,2.813188513104813,-0.10692030079831932,0.0008660254037844387,40546.10500375705,-11190.18001510833,5166.054999104973
510.0,GEO-1,1,2.2667308582590606,0.3310095052561237,2.2663362586644875,0.3328325194777204,0.0008660254037844387,29462.200876987186,-28481.320264708153,-10802.221968797894
510.0,GEO-2,1,2.993537496561165,-0.49257174583203045,2.9916905137493175,-0.49278287944064036,0.0008660254037844387,37611.52508045379,-5394.229481126549,18766.202424234383
510.0,GEO-3,1,2.845490239476306,-0.092649863477694,2.8436842497540873,-0.09551296246616661,0.0008660254037844387,40546.10500375705,-11190.18001510833,5166.054999104973
510.0,GEO-1,2,2.2427633961673723,0.31450011732287225,2.2429239535375385,0.3157338800218829,0.0008660254037844387,29462.200876987186,-28481.320264708153,-10802.221968797894
510.0,GEO-2,2,2.953850065092864,-0.5013360825821531,2.9529859345590412,-0.5011552490238527,0.0008660254037844387,37611.52508045379,-5394.229481126549,18766.202424234383
510.0,GEO-3,2,2.8098658070170304,-0.10676454126434069,2.8103172168233685,-0.10573125487501743,0.0008660254037844387,40546.10500375705,-11190.18001510833,5166.054999104973
520.0,GEO-1,1,2.2671108128199795,0.3330483730435262,2.26542302825187,0.33349104750435987,0.0008660254037844387,29462.200876987186,-28481.320264708153,-10802.221968797894
520.0,GEO-2,1,2.9880447276511175,-0.49158094085228027,2.9894443124305417,-0.49113336946528613,0.0008660254037844387,37611.52508045379,-5394.229481126549,18766.202424234383
520.0,GEO-3,1,2.840688251146951,-0.09383997936253903,2.8418455099880764,-0.0939978835282682,0.0008660254037844387,40546.10500375705,-11190.18001510833,5166.054999104973
520.0,GEO-1,2,2.24119244321363,0.31465968387947263,2.241611807785725,0.31571710809614983,0.0008660254037844387,29462.200876987186,-28481.320264708153,-10802.221968797894
520.0,GEO-2,2,2.9501233569885836,-0.5002163995956579,2.949521590829613,-0.4995729656831891,0.0008660254037844387,37611.52508045379,-5394.229481126549,18766.202424234383
520.0,GEO-3,2,2.8082336845214066,-0.10328554516358276,2.8075099232863425,-0.10454652866744948,0.0008660254037844387,40546.10500375705,-11190.18001510833,5166.054999104973
530.0,GEO-1,1,2.2641985286533695,0.33348091919769185,2.264560481428389,0.334127433570251,0.0008660254037844387,29462.200876987186,-28481.320264708153,-10802.221968797894
530.0,GEO-2,1,2.9874251192927033,-0.4885797610788587,2.987225823226774,-0.48947121062013776,0.0008660254037844387,37611.52508045379,-5394.229481126549,18766.202424234383
530.0,GEO-3,1,2.8400357299006003,-0.09235492624424263,2.840038522962017,-0.0924948820943639,0.0008660254037844387,40546.10500375705,-11190.18001510833,5166.054999104973
530.0,GEO-1,2,2.2403608699353184,0.31599593329032105,2.240387760728563,0.31568471866883685,0.0008660254037844387,29462.200876987186,-28481.320264708153,-10802.221968797894
530.0,GEO-2,2,2.946749431823197,-0.49866671443663046,2.9461206888103395,-0.49796065151271895,0.0008660254037844387,37611.52508045379,-5394.229481126549,18766.202424234383
530.0,GEO-3,2,2.804286225326215,-0.10332330772424331,2.804768759162342,-0.1033668966519386,0.0008660254037844387,40546.10500375705,-11190.18001510833,5166.054999104973
540.0,GEO-1,1,2.263083100448237,0.3348779062499689,2.2637488325850783,0.33474178079990574,0.0008660254037844387,29462.200876987186,-28481.320264708153,-10802.221968797894
540.0,GEO-2,1,2.9855727977981545,-0.48781918499718163,2.9850366486827027,-0.48779746313926103,0.0008660254037844387,37611.52508045379,-5394.229481126549,18766.202424234383
540.0,GEO-3,1,2.837660928759108,-0.09178191086315586,2.8382644784304474,-0.09100470853836105,0.0008660254037844387,40546.10500375705,-11190.18001510833,5166.054999104973
540.0,GEO-1,2,2.241002939932796,0.31651587401998466,2.2392517144952566,0.31563736817946303,0.0008660254037844387,29462.200876987186,-28481.320264708153,-10802.221968797894
540.0,GEO-2,2,2.9416662106463436,-0.49716099320308166,2.9427861321426647,-0.49631996643107384,0.0008660254037844387,37611.52508045379,-5394.229481126549,18766.202424234383
540.0,GEO-3,2,2.8039695771562307,-0.10068182337919578,2.8020957324459532,-0.10219312108472507,0.0008660254037844387,40546.10500375705,-11190.18001510833,5166.054999104973
550.0,GEO-1,1,2.2631164267721213,0.33649205007768496,2.2629882504527985,0.335334201177871,0.0008660254037844387,29462.200876987186,-28481.320264708153,-10802.221968797894
550.0,GEO-2,1,2.9813913659607425,-0.48611189149958123,2.982878347258731,-0.486113203454705,0.0008660254037844387,37611.52508045379,-5394.229481126549,18766.202424234383
550.0,GEO-3,1,2.837265332102272,-0.09138806786250055,2.8365245229195826,-0.08952810051111255,0.0008660254037844387,40546.10500375705,-11190.18001510833,5166.054999104973
550.0,GEO-1,2,2.2374204825131625,0.31635856088861636,2.238203476743219,0.31557570604027796,0.0008660254037844387,29462.200876987186,-28481.320264708153,-10802.221968797894
550.0,GEO-2,2,2.9406523184166407,-0.4952459124621955,2.939520688532853,-0.494652604985644,0.0008660254037844387,37611.52508045379,-5394.229481126549,18766.202424234383
550.0,GEO-3,2,2.7997825405602645,-0.09942523828889738,2.799492731121286,-0.10102595084310464,0.0008660254037844387,40546.10500375705,-11190.18001510833,5166.054999104973
560.0,GEO-1,1,2.26189692575796,0.334571450803896,2.2622788588439438,0.3359048148573128,0.0008660254037844387,29462.200876987186,-28481.320264708153,-10802.221968797894
560.0,GEO-2,1,2.98069102392995,-0.4848126802228558,2.9807524315362395,-0.48441952258134685,0.0008660254037844387,37611.52508045379,-5394.229481126549,18766.202424234383
560.0,GEO-3,1,2.836120807018572,-0.08790566674085046,2.8348197587424346,-0.08806578230078926,0.0008660254037844387,40546.10500375705,-11190.18001510833,5166.054999104973
560.0,GEO-1,2,2.236440669358322,0.3179009180324215,2.237242763948984,0.315500373463083,0.0008660254037844387,29462.200876987186,-28481.320264708153,-10802.221968797894
560.0,GEO-2,2,2.9358268696016703,-0.4924878460288745,2.9363269866037074,-0.4929602918269044,0.0008660254037844387,37611.52508045379,-5394.229481126549,18766.202424234383
560.0,GEO-3,2,2.797637753752875,-0.09908179827046544,2.796961522209876,-0.0998661203576295,0.0008660254037844387,40546.10500375705,-11190.18001510833,5166.054999104973
570.0,GEO-1,1,2.2617936533350123,0.33704042331945694,2.26162073743717,0.3364537494806422,0.0008660254037844387,29462.200876987186,-28481.320264708153,-10802.221968797894
570.0,GEO-2,1,2.9785924644183206,-0.4841367064603122,2.9786603665478326,-0.48271752448455313,0.0008660254037844387,37611.52508045379,-5394.229481126549,18766.202424234383
570.0,GEO-3,1,2.832931432495471,-0.08681687629871897,2.8331512431147274,-0.08661846423811577,0.0008660254037844387,40546.10500375705,-11190.18001510833,5166.054999104973
570.0,GEO-1,2,2.236191484484134,0.3155480941067564,2.2363692047413184,0.315412002373007,0.0008660254037844387,29462.200876987186,-28481.320264708153,-10802.221968797894
570.0,GEO-2,2,2.9325828104027796,-0.48992151970971687,2.933207513287366,-0.4912447771973635,0.0008660254037844387,37611.52508045379,-5394.229481126549,18766.202424234383
570.0,GEO-3,2,2.796070466091201,-0.1009147102536146,2.7945037511912614,-0.09871434863727714,0.0008660254037844387,40546.10500375705,-11190.18001510833,5166.054999104973
580.0,GEO-1,1,2.261023248624123,0.3362705449814999,2.2610139226012125,0.33698113951344244,0.0008660254037844387,29462.200876987186,-28481.320264708153,-10802.221968797894
580.0,GEO-2,1,2.9739973243680913,-0.48059818853493985,2.976603568234747,-0.48100832443659103,0.0008660254037844387,37611.52508045379,-5394.229481126549,18766.202424234383
580.0,GEO-3,1,2.8309011877602033,-0.08556257674383676,2.8315199873712715,-0.08518684214725801,0.0008660254037844387,40546.10500375705,-11190.18001510833,5166.054999104973
580.0,GEO-1,2,2.234930765309227,0.3163982199029799,2.235582343261564,0.3153112144076252,0.0008660254037844387,29462.200876987186,-28481.320264708153,-10802.221968797894
580.0,GEO-2,2,2.931403909841657,-0.4892310370774808,2.930164611750915,-0.48950783245866386,0.0008660254037844387,37611.52508045379,-5394.229481126549,18766.202424234383
580.0,GEO-3,2,2.7928140506584365,-0.0976837666925284,2.792120941782864,-0.09757133838875251,0.0008660254037844387,40546.10500375705,-11190.18001510833,5166.054999104973
590.0,GEO-1,1,2.260598567493781,0.33674536296704083,2.260458408253944,0.33748712559282135,0.0008660254037844387,29462.200876987186,-28481.320264708153,-10802.221968797894
590.0,GEO-2,1,2.9746179448350922,-0.48000671786188365,2.9745834020330006,-0.4792930473676664,0.0008660254037844387,37611.52508045379,-5394.229481126549,18766.202424234383
590.0,GEO-3,1,2.83029998252175,-0.08294426563810062,2.8299269562820766,-0.08377159684291566,0.0008660254037844387,40546.10500375705,-11190.18001510833,5166.054999104973
590.0,GEO-1,2,2.2351926852966812,0.3163827491002218,2.2348816425372204,0.31519861999943266,0.0008660254037844387,29462.200876987186,-28481.320264708153,-10802.221968797894
590.0,GEO-2,2,2.929890725118504,-0.48985780686638486,2.927200479843362,-0.48775124567915157,0.0008660254037844387,37611.52508045379,-5394.229481126549,18766.202424234383
590.0,GEO-3,2,2.789828180083653,-0.09700645577102558,2.7898144960643307,-0.09643777523038592,0.0008660254037844387,40546.10500375705,-11190.18001510833,5166.054999104973
600.0,GEO-1,1,2.2594974512720754,0.3366136787904392,2.2599541467529027,0.3379718538911936,0.0008660254037844387,29462.200876987186,-28481.320264708153,-10802.221968797894
600.0,GEO-2,1,2.9726537168299245,-0.47783109892700454,2.9726011815892432,-0.47757282621736236,0.0008660254037844387,37611.52508045379,-5394.229481126549,18766.202424234383
600.0,GEO-3,1,2.8277402967773297,-0.082627716299578,2.828373067467116,-0.08237339367394252,0.0008660254037844387,40546.10500375705,-11190.18001510833,5166.054999104973
600.0,GEO-1,2,2.233673744093362,0.31273189561132997,2.234266487855741,0.31507481753935784,0.0008660254037844387,29462.200876987186,-28481.320264708153,-10802.221968797894
600.0,GEO-2,2,2.9253945780160797,-0.48628028996787415,2.9243171690495386,-0.4859768173028796,0.0008660254037844387,37611.52508045379,-5394.229481126549,18766.202424234383
600.0,GEO-3,2,2.7866360575829963,-0.09500791491858226,2.787585694930223,-0.09531432700041673,0.0008660254037844387,40546.10500375705,-11190.18001510833,5166.054999104973
